,Name,Artist,Popularity,Song ID,Danceability,Energy,Key,Loudness,Mode,Speechiness,Acousticness,Instrumentalness,Liveness,Valence,Tempo,Lyrics,Positive,Neutral,Negative,Compound,Genre
0,Die For You - Remix,The Weeknd,82,7oDd86yk8itslrA9HRP2ki,0.531,0.525,1,-6.5,0,0.0671,0.232,0.0,0.441,0.502,66.9,"TranslationsEspaÃ±olItalianoDeutschDie For You  Lyrics
I'm findin' ways to articulate the feelin' I'm goin' through
I just can't say I don't love you 
'Cause I love you, yeah
It's hard for me to communicate the thoughts that I hold
But tonight, I'm gon' let you know
Let me tell the truth
Baby, let me tell the truth, yeah
You know what I'm thinkin', see it in your eyes
You hate that you want me, hate it when you cry
You're scared to be lonely, 'specially in the night
I'm scared that I'll miss you, happens every time
I don't want this feelin', I can't afford love
I try to find a reason to pull us apart
It ain't workin' 'cause you're perfĞµct
And I know that you're worth it
I can't walk away, oh
Even though we'rĞµ goin' through it 
And it makes you feel alone
Just know that I would die for you 
Baby, I would die for you, yeah
The distance and the time between us 
It'll never change my mind 'cause
Baby, I would die for you 
Baby, I would die for you, yeah
I'm findin' ways to stay concentrated on what I gotta do
But, baby boy, it's so hard 'round you
And yes, I'm blamin' you
And you know I can't fake it, now or never
And you insinuatin' that you think we might be better
Better me and you
Yeah, I know you do
You know what I'm thinkin', see it in your eyes
You hate that you want me, hate it when you cry
It ain't workin' 'cause you're perfect 
And I know you deserve it
I can't walk away
You might also like
Even though we're goin' through it
And it makes you  feel alone
Just know that I would die for you 
Baby, I would die for you, yeah
The distance and the time between us
It'll never change my mind 'cause
Baby, I would die for you 
Baby, I would die for you, yeah 
I would die for you, I would lie for you
Keep it real with you, I would kill for you, my baby
I'm just sayin', yeah
I would die for you, I would lie for you
Keep it real with you, I would kill for you, my baby
Na-na-na, na-na-na, na-na-na
Even though we're goin' through it 
And it makes you feel alone 
Just know that I would die for you 
Baby, I would die for you, yeah
The distance and the time between us 
It'll never change my mind 'cause 
Baby, I would die for you 
Baby, I would die for you, yeah 11Embed",0.125,0.625,0.25,-0.9982,Pop
1,Flowers,Miley Cyrus,100,0yLdNVWF3Srea0uzk55zFn,0.707,0.681,0,-4.325,1,0.0668,0.0632,5.15e-06,0.0322,0.646,117.999,"TranslationsEspaÃ±olPortuguÃªsKiswahiliDeutschItalianoĞ¡Ñ€Ğ¿ÑĞºĞ¸NederlandsSvenskaPolskiTÃ¼rkÃ§eÎ•Î»Î»Î·Î½Î¹ÎºÎ¬FranÃ§aisDanskFlowers Lyrics
We were good, we were gold
Kinda dream that can't be sold
We were right 'til we weren't
Built a home and watched it burn
Mm, I didn't wanna leave you, I didn't wanna lie
Started to cry, but then remembered I
I can buy myself flowers
Write my name in the sand
Talk to myself for hours
Say things you don't understand
I can take myself dancing
And I can hold my own hand
Yeah, I can love me better than you can
Can love me better, I can love me better, baby
Can love me better, I can love me better, baby
Paint my nails cherry-red
Match the roses that you left
No remorse, no regret
I forgive every word you said
Ooh, I didn't wanna leave you, baby, I didn't wanna fight
Started to cry, but then remembered I
I can buy myself flowers
Write my name in the sand
Talk to myself for hours, yeah
Say things you don't understand
I can take myself dancing, yeah
I can hold my own hand
Yeah, I can love me better than you can
Can love me better, I can love me better, baby
Can love me better, I can love me better, baby
Can love me better, I can love me better, baby
Can love me better, I 
You might also like
I didn't wanna leave you, I didn't wanna fight
Started to cry, but then remembered I
I can buy myself flowers 
Write my name in the sand
Talk to myself for hours 
Say things you don't understand 
I can take myself dancing, yeah
I can hold my own hand
Yeah, I can love me better than
Yeah, I can love me better than you can
Can love me better, I can love me better, baby 
Can love me better, I can love me better, baby 
Can love me better, I can love me better, baby
Can love me better, I32Embed",0.517,0.439,0.044,0.9998,Pop
2,Boy's a liar Pt. 2,PinkPantheress,91,6AQbmUe0Qwf5PZnt4HmTXv,0.696,0.809,5,-8.254,1,0.05,0.252,0.000128,0.248,0.857,132.962,"TranslationsPortuguÃªsTÃ¼rkÃ§eBoyâ€™s a liar Pt. 2 Lyrics
Take a look inside your heart
Is there any room for me 
I won't have to hold my breath
Till you get down on one knee 
Because you only want to hold me
When I'm looking good enough 
Did you ever feel me?
Would you ever picture us? 
Every time I pull my hair
Well, it's only out of fear 
That you'll find me ugly
And one day you'll disappear because
What's the point of crying?
It was nĞµver even lovĞµ 
Did you ever want me?
Was I ever good enough? 
The-the boy's a liar, the boy's a liar
He doesn't see ya, you're not looking at me, boy
The boy's a liar, the boy's a liar
He doesn't see ya, you're not looking at me, boy
Good eno-o-ough, good eno-o-ough
Good eno-o-ough, good eno-o-ough
Good eno-o-ough, good eno-o-ough
Good eno-o-ough, good eno-o-ough
He say that I'm good enough, grabbin' my duh-duh-duh
Thinkin' 'bout shit that I shouldn't've 
So I tell him there's one of me, he makin' fun of me 
His girl is a bum to me 
Like that boy is a cap
Sayin' he home, but I know where he at, like
Bet he blowin' her back
Thinkin' 'bout me 'cause he know that it's fat 
And it been what it been 
Callin' his phone like, ""Yo, send me a pin""
Duckin' my shit, 'cause he know what I'm on 
But when he hit me I'm not gon' respond 
But I don't sleep enough without you
And I can't eat enough without you 
If you don't speak, does that mean we're through? 
Don't like sneaky shit that you do 
You might also like
The-the boy's a liar, the boy's a liar
He doesn't see ya, you're not looking at me, boy
The boy's a liar, the boy's a liar
He doesn't see ya, you're not looking at me, boy
Good eno-o-ough, good eno-o-ough
Good eno-o-ough, good eno-o-ough
Good eno-o-ough, good eno-o-ough
Good eno-o-ough, good eno-o-ough8Embed",0.195,0.681,0.124,0.9664,Latin
3,Kill Bill,SZA,92,1Qrg8KqiBpW07V7PNxwwwL,0.644,0.735,8,-5.747,1,0.0391,0.0521,0.144,0.161,0.418,88.98,"TranslationsEspaÃ±olPortuguÃªsItalianoTÃ¼rkÃ§eDeutschNederlandsæ—¥æœ¬èªà·ƒà·’à¶‚à·„à¶½Kill Bill Lyrics
I'm still a fan even though I was salty
Hate to see you with some other broad, know you happy
Hate to see you happy if I'm not the one drivin'
I'm so mature, I'm so mature
I'm so mature, I got me a therapist to tell me there's other men
I don't want none, I just want you
If I can't have you, no one should, I might
I might kill my ex, not the best idea
His new girlfriend's next, how'd I get here?
I might kill my ex, I still love him, though
Rather be in jail than alone
I get the sense that it's a lost cause
I get the sense that you might really love her
The text gon' be evidence, this text is evidence
I try to ration with you, no murders, no crime of passion
But, damn, you was out of reach
You was at the farmer's market with your perfect peach
Now I'm in amazement, playin' on my patience
Now you layin' face-down, got me singin' over a beat
I'm so mature, I'm so mature
I'm so mature, I got me a therapist to tell me there's other men
I don't want none, I just want you
If I can't have you, no one will, I 
I might kill my ex, not the best idea
His new girlfriend's next, how'd I get here?
I might kill my ex, I still love him, though
Rather be in jail than alone
You might also like
I did it all for love 
I did it all on no drugs 
I did all of this sober
I did it all for us, oh
I did it all for love 
I did all of this on no drugs 
I did all of this sober
Don't you know I did it all for us? 
Oh, I just killed my ex, not the best idea 
Killed his girlfriend next, how'd I get here?
I just killed my ex, I still love him, though 
Rather be in hell than alone67Embed",0.203,0.609,0.188,0.6321,Edm
4,Escapism.,RAYE,89,5Z2MiIZ5I3jJvvmeWMLbOQ,0.538,0.742,2,-5.355,1,0.114,0.138,4.67e-05,0.0934,0.25,96.107,"TranslationsTÃ¼rkÃ§eEspaÃ±olPortuguÃªsEscapism. Lyrics
Sleazin' and teasin', I'm sittin' on him
All of my diamonds are drippin' on him
I met him at the bar, it was twelve or something
I ordered two more wines 'cause tonight, I want him
A little context if you care to listen
I find myself in a shit position
The man that I love sat me down last night
And he told me that it's over, dumb decision
And I don't wanna feel how my heart is rippin'
In fact, I don't wanna feel, so I stick to sippin'
And I'm out on the town with a simple mission
In my little black dress and this shit is sittin'
Just a heart broke bitch, high heels six inch
In the back of the nightclub, sippin' champagne
I don't trust any of these bitches I'm with
In the back of the taxi sniffin' cocaine
Drunk calls, drunk texts, drunk tears, drunk sex
I was lookin' for a man who was on the same page
Now it's back to the intro, back to the bar
To the Bentley, to the hotel, to my old ways
'Cause I don't wanna feel how I did last night
I don't wanna feel how I did last night
Doctor, doctor, anything, please
Doctor, doctor, have mercy on me
Take this pain away
You're askin' me my symptoms, doctor, I don't wanna feel
Toke this joint how I'm blowin' this steam
Back to my ways like 2019
Not twenty-four hours since my ex did dead it
I got a new man on me, it's about to get sweaty
Last night really was the cherry on the cake
Been some dark days lately and I'm findin' it cripplin'
Excuse my state, I'm as high as your hopes
That you'll make it to my bed, get me hot and sizzlin'
If I take a step back to see the glass half-full
At least it's the Prada two-piece that I'm trippin' in
And I'm already actin' like a dick, know what I mean?
So you might as well stick it in
You might also like
Just a heart broke bitch, high heels six inch
In the back of the nightclub, sippin' champagne
I don't trust any of these bitches I'm with
In the back of the taxi sniffin' cocaine
Drunk calls, drunk texts, drunk tears, drunk sex
I was lookin' for a man who was on the same page
Now it's back to the intro, back to the bar
To the Bentley, to the hotel, to my old ways
'Cause I don't wanna feel how I did last night
I don't wanna feel how I did last night
Doctor, doctor, anything, please
Doctor, doctor, have mercy on me
Take this pain away
You're askin' me my symptoms, doctor, I don't wanna feel, mm 
'Cause I don't wanna feel like I felt last night
I don't wanna feel like I felt last night
Be at peace with the things you can't change 
I'll be naked when I leave and I was naked when I came, yeah
Out of reach, out of touch
Too numb, I don't feel no way
Toast up, so what?
Street small, but it go both ways
So, you'll run, yeah
But you'll never escape
Sunset in the maze
I don't wanna feel how I did last night
I don't wanna feel how I did last night, oh
Doctor, doctor, anything, please
Doctor, doctor, have mercy on me
You're askin' me my symptoms, doctor, I don't wanna feel
I don't wanna feel how I did last night
I don't wanna feel how I did last night
I don't wanna feel how I did last night
Mm, lipstick smudged like modern art
I don't know where the fuck I am or who's drivin' the fuckin' car
Speedin' down the highway, sippin'
Mixin' pills with the liquor 'cah fuck these feelings
I left everyone I love on read 
Spilling secrets to the stranger in my bed 
I remember nothing so there's nothing to regret 
Other than this 4/4 kick drum poundin' in my head15Embed",0.083,0.823,0.095,-0.7889,Pop
5,Creepin' (with The Weeknd & 21 Savage),Metro Boomin,94,2dHHgzDwk4BJdRwy9uXhTO,0.715,0.62,1,-6.005,0,0.0484,0.417,0.0,0.0822,0.172,97.95,"New Music Friday 12/02/22 LyricsMetro Boomin - Creepin' 
Lewis Capaldi - Pointless
Arcangel - La Jumpa
PinkPantheress - Boy's a liar
A$AP Rocky - Shittin' Me
Pheelz - Ballin
Villano Antillano - KaleidoscÃ³pica
100 gecs - Torture Me 
Latto - FTCU 
Morgan Wallen - One Thing At A Time
Jessie Murph - Drunk in the Bathtub
Nas - One Mic, One Gun
$uicideboy$ - My Swisher Sweet, But My Sig Sauer
RM - Still Life 
Quinn XCII - Let Me Down 
Noah Cyrus - Set For Life
PNAU - You Know What I Need
Bad Gyal - Real G
Metallica - Lux Ã†terna
NEIL FRANCES - HighğŸš
Stephen Dawes - It Could Be Me
Parker McCollum - Stoned
MOUNT WESTMORE - Activated
Coi Leray - Players
Joy Oladokun - Power
James Arthur - Heartbeat
Katie Gregson-MacLeod - white lies
brakence - 5g
Snakehips - Solitude 
Cruza - Fantasy
halfâ€¢alive - Nobody
RINI - Pressure
SkyeChristy - I'm Not Like Alice
Lyn Lapid - Saturn
Jelly Roll - she
Loud Luxury - Afterparty
Finesse2tymes - Overdose
2Rare - Lil Mama
Precious Pepala - Voices
Julia Wolf - Gothic Babe Tendencies 
Felly - me and my gang
SASH - biscayne
Louis The Child - Amsterdam  - Single VersionğŸš
ITZY - Cheshire
Olivia Knox - Smoke SignalğŸš
Emotional Oranges - Let Me Go
Lil Peep - angeldust
Nippa - The One
Babyface Ray - Wonderful Wayne & Jackie Boy 
Justus Bennetts - Everything Is Nothing
Carlie Hanson - Pretender
Lainey Wilson - New Friends
Aya Nakamura - SMS
Powfu - shade of blue 
OHGEESY - Gallery
Lil Mosey - Backpack
Yandel - Delincuente
Nakkia Gold - Past
Two Friends - Hate Me 
Chloe George - Sunny D
Emei - Backtrack
Against The Current - blindfolded
Icewear Vezzo - One Time â˜‘ï¸
Saucy Santana - Bop Bop
Russ Millions - One of a Kind
Jordan Hawkins - Screamin'ğŸš
THEY. - Set Me Free
LU KALA - Pretty Girl Era
Circa Waves - Carry You Home
Wallice - Japan
Jonah Kagen - georgia
Peach Tree Rascals - I Need ThatğŸš
Tenille Arts - Motel On the Moon
amy michelle - patience
Christian Kuria - Santorini
Yungeen Ace - Gang Nem â˜‘ï¸
Sheck Wes - PAIN!
Carl Cox - Deep Space X ğŸš
RL Grime - Renegade
Hunter Daily - Skeleton Key
Alex Warren - Chasing Shadows
will hyde - 6am in amsterdam.
Baby Fisher - This is the EndğŸš
hey, nothing - Too Drunk to Driveâ˜‘ï¸
lozeak - Cutthroat
moony - machinesğŸš
Ivan Cornejo - Ya Te PerdÃ­
AÃ¡yanna - Risky
David Dunn - PoisonğŸš
Rileyy Lanez - On Us
Laci Kaye Booth - Damn Good in a Dive BarğŸš
Ellise - Did It Hurt?
Ellye Lennon - PriorityğŸš
Blair Lee - Last BiteğŸš
Day Wave - Cold Like Me
Daniel Allan - Minuteman ğŸš
Kieran Ivy - Figured Out
Teenage Priest - Let It PassğŸš
Grabbitz - When You & Me Dance
Adeem the Artist - CarolinaEmbed",0.107,0.777,0.116,0.2053,Pop
6,Calm Down (with Selena Gomez),Rema,92,0WtM2NBVQNNJLh6scP13H8,0.801,0.806,11,-5.206,1,0.0381,0.382,0.000669,0.114,0.802,106.999,"New Music Friday 08/26/22 LyricsDJ Khaled - BEAUTIFUL 
Lil Tjay - Beat the Odds
Joji - YUKON 
Elton John - Hold Me Closer
Rema - Calm Down 
Katie Gregson-MacLeod - complex 
The National - Weird Goodbyes 
KAROL G - GATÃƒÅ¡BELA
David Guetta - I'm Good 
Offset - CODE 
Quavo - Big Stunna 
Anitta - Practice 
NAV - Wrong Decisions
blackbear - dead inside
Ingrid Andress - Feel Like This
LANY - Congrats
JID - Bruddanem 
Lil Tecca - Treesha
CKay - you
anees - leave me
Madison Beer - DangĞµrous
Noah Cyrus - Every Beginning Ends
Surfaces - It Only TakĞµs Two
Muse - You Make Me Feel Like Itâ€™s Halloween
Joey Bada$$ - Let It Breathe
Thee Sacred Souls - Future Lover
ROLE MODEL - cross your mind
Sasha Alex Sloan - As It Was - Spotify Singles
BNXN fka Buju - In My Mind
Cheat Codes - I Remember
Marcus Mumford - Better Off High
Matt Maeson - Cut Deep
Big Narstie - Groundwork
Bastille - Hope For The Future
JVKE - i can't help it
IVE - After LIKE
DDG - If I Want You
SleazyWorld Go - India Me
Tai Verdes - how deep?
Julia Jacklin - Be Careful With Yourself
Rina Sawayama - Phantom
RAYE - Black Mascara
Kaleena Zanders - ME WITHOUT U
Laufey - Beautiful Stranger
Ashe - Emotional
GAYLE - god has a sense of humor
Marcus King - It's Too Late
Djo - Figure You Out
Tom The Mail Man - â€¢Outsideâ€¢
CORPSE - MISA MISA!
JELEEL! - STONE COLD!
22Gz - Why Would I Lack? 
Ray Vaughn - Dawg House
Spice - TAPE MEASURE
KornÃ©l KovÃ¡cs & Aluna - Follow You
Blake Rose - Magazine
HARDY - wait in the truck 
Kevin Kaarl - siente mÃƒÂ¡s
Kevin Gates - Major League
Dro Kenji - KILL EM FOR ME 
Bob Moses - Afterglow
Hope Tala - Leave It On The Dancefloor
Reik - 5 Estrellas
MorMor - Seasons Change
Savannah RÃ© - Closure
Ayron Jones - ""Filthy""
Kameron Marlowe - Over Now
Danielle Ponder - Only The Lonely
IDK - Free Slime
Real Boston Richey - I Want You
MASN - High School
L.S. Dunes - Permanent Rebellion
Isabel LaRosa - HEARTBEAT
Zevia - why am i alive
Alexa Cappelli - Temporary
Magdalena Bay - All You Do
Autumn! - Jay N Bey!
Meechy Darko - Lost Souls
Fredo Bang - Addy
Skip Marley - Jane
Britton - EAGER
Miya Folick - Bad Thing
Barny Fletcher - Backstroke
Curtis Waters - STAR KILLER
Games We Play - Get A Job
Koe Wetzel - Creeps
Mickey Guyton - Somethin' Bout You
Wild Pink - Hold My Hand
Lakeyah - Real Bitch 
CNCO - Miami
TWICE - Talk that Talk
Lolahol - Lock&Key
Lorelei Marcell - ANTISOCIAL
James Vickery - The Reason
Seaforth - Dr. Phil
Rend Collective - Hallelujah Anyway
Francis Karel - Handle with Care
Swansea Skag - DOG BOY
Gera MX â€“ PapÃ¡
nickname jos - LETTERMAN
Mayfly - Pretty EndingEmbed",0.158,0.726,0.117,0.9526,Latin
7,TQG,KAROL G,80,0DWdj2oZMBFSzRsi2Cvfzf,0.72,0.63,4,-3.547,0,0.277,0.673,0.0,0.0936,0.607,179.974,"TranslationsDeutschEnglishTQG Lyrics
La que te dijo que un vacÃ­o se llena con otra persona te miente
Es como tapar una herida con maquillaje, no se ve, pero se siente
Te fuiste diciendo que me superaste  y te conseguiste nueva novia 
Lo que ella no sabe es que tÃº todavÃ­a me estÃ¡' viendo toa' la historia' 
BebÃ©, Â¿quÃ© fue?, Â¿no pues que muy tragaÃ­to'? 
Â¿QuÃ© haces buscÃ¡ndome el la'o? Si sabes que yo errores no repito 
Dile a tu nueva bebÃ© que por hombres no compito
Que deje de estar tirando, que al meno' yo te tenÃ­a bonito
Verte con la nueva me doliÃ³ 
Pero ya estoy puesta pa' lo mÃ­o
Lo que vivimos se me olvidÃ³
Y eso e' lo que te tiene ofendido
Que hasta la vida me mejorÃ³
Por acÃ¡ ya no eres bienvenido
Vi lo que tu novia me tirÃ³
Eso no da ni rabia, yo me rÃ­o, yo me rÃ­o
No tengo tiempo pa' lo que no aporte, ya cambiÃ© mi norte
Haciendo dinero como deporte 
Llenando la cuenta, los show', el parking y el pasaporte 
'Toy mÃ¡s dura dicen los reporte'
Ahora tÃº quieres volver, se te nota, mmm, sÃ­
'PÃ©rame ahÃ­, que yo soy idiota 
Se te olvidÃ³ que estoy en otra
Y que te quedÃ³ grande La Bichota
BebÃ©, Â¿quÃ© fue? , Â¿no pues que muy tragaÃ­to'? 
Â¿QuÃ© haces buscÃ¡ndome el la'o?  Si sabes que yo errores no repito
Dile a tu nueva bebÃ© que por hombres no compito
Que deje de estar tirando, que al menos yo te tenÃ­a bonito 
You might also like
TÃº te fuiste y yo me puse triple M
MÃ¡s buena, mÃ¡s dura, mÃ¡s level
Volver contigo never, tÃº eras la mala suerte
Porque ahora la' bendicione' me llueven
Y quiere' volver, ya lo suponÃ­a
DÃ¡ndole like a la foto mÃ­a
TÃº buscando por fuera la comida
Yo diciendo que era monotonÃ­a
Y ahora quieres volver, ya lo suponÃ­a
DÃ¡ndole like a la foto mÃ­a 
Te ves feliz con tu nueva vida
Pero si ella supiera que me busca' todavÃ­a
BebÃ©, Â¿quÃ© fue? , Â¿no pues que muy tragaÃ­to'? 
Â¿QuÃ© haces buscÃ¡ndome el la'o?  Si sabes que yo errores no repito
Dile a tu nueva bebÃ© que por hombres no compito 
Que no tiene buena mano, y al menos yo te tenÃ­a bonito
O-O-Ovy On The Drums
Mi amor, es que usted se alejÃ³ mucho
Y yo de lejos ya no veo, bebÃ©
TQM pero TQG, jajaja
Barranquilla, Medallo2Embed",0.027,0.897,0.076,-0.9356,Rap
8,As It Was,Harry Styles,89,4LRPiXqCikLlN15c3yImP7,0.52,0.731,6,-5.338,0,0.0557,0.342,0.00101,0.311,0.662,173.93,"TranslationsTÃ¼rkÃ§eEspaÃ±olPortuguÃªsæ—¥æœ¬èªItalianoÎ•Î»Î»Î·Î½Î¹ÎºÎ¬DeutschFranÃ§aisEnglishEnglishNederlandsShqipPolskií•œêµ­ì–´As It Was Lyrics
Come on, Harry, we wanna say goodnight to you
Holdin' me back
Gravity's holdin' me back
I want you to hold out the palm of your hand
Why don't we leave it at that?
Nothin' to say
When everything gets in the way
Seems you cannot be replaced
And I'm the one who will stay, oh-oh-oh
In this world, it's just us
You know it's not the same as it was
In this world, it's just us
You know it's not the same as it was
As it was, as it was
You know it's not the same
Answer the phone
""Harry, you're no good alone
Why are you sitting at home on the floor?
What kind of pills are you on?""
Ringin' the bell
And nobody's coming to help
Your daddy lives by himself
He just wants to know that you're well, oh-oh-oh
In this world, it's just us
You know it's not the same as it was
In this world, it's just us
You know it's not the same as it was
As it was, as it was
You know it's not the same
You might also like
Go home, get ahead, light-speed internet
I don't wanna talk about the way that it was
Leave America, two kids follow her
I don't wanna talk about who's doin' it first
As it was
You know it's not the same as it was
As it was, as it was184Embed",0.065,0.913,0.021,0.8746,Rock
9,Players,Coi Leray,88,6UN73IYd0hZxLi8wFPMQij,0.954,0.516,6,-5.817,1,0.16,0.03,7.54e-06,0.0504,0.624,105.001,"TranslationsTÃ¼rkÃ§ePlayers Lyrics
Yeah, 'cause girls is players too
Uh, yeah, yeah, 'cause girls is players too 
'Cause girls is players too
Bitches gettin' money all around the world 'cause girls is players too
What you know about livin' on the top?
Penthouse suites, lookin' down on the opps
Took him for a test drive, left him on the lot
Time is money, so I spent it on a watch
Hold on, lil' titties showin' through the white tee
You can see the thong bustin' out my tight jeans 
Rocks on my fingers like a nigga wifed me
Got another shorty? She ain't nothin' like me
Yeah, 'bout to catch another flight
Yeah, the apple bottom make him wanna bite
Yeah, I just wanna have a good night
I just wanna have a good night
Hold up, if you don't know, now you know
If he broke, then you gotta let him go
You could have anybody, eeny, miny, moe
'Cause when you a boss, you could do what you want
Yeah, 'cause girls is players too
Uh, yeah, yeah, 'cause girls is players too 
'Cause girls is players too
Bitches gettin' money all around the world 'cause girls is players too
I go on and on and on again
He blowin' up my phone, but I'm ignorin' him
He thinkin' he the one, I got like four of him
Yeah, I'm sittin' first class like valedictorian
Uh, came a long way from rag to riches
Five-star bitch, yeah, I taste so delicious
Let him lick the plate, yeah, I make him do the dishes
Now he on News 12 'cause a bitch went missin', sheesh
You might also like
Yeah, 'bout to catch another flight
Yeah, the apple bottom make him wanna bite
Yeah, I just wanna have a good night
I just wanna have a good night
Hold up, if you don't know, now you know
If he broke, then you gotta let him go
You could have anybody, eeny, miny, moe
'Cause when you a boss, you could do what you want
Yeah, 'cause girls is players too
Uh , girls is players too 
'Cause girls is players too
Bitches gettin' money all around the world 'cause girls is players too2Embed",0.177,0.76,0.063,0.9873,Rap
10,CUFF IT,BeyoncÃ©,88,1xzi1Jcr7mEi9K2RfzLOqS,0.78,0.689,7,-5.668,1,0.141,0.0368,9.69e-06,0.0698,0.642,115.042,"TranslationsBeyoncÃ© - CUFF IT *EspaÃ±olPortuguÃªsà¤¹à¤¿à¤¨à¥à¤¦à¥€FranÃ§aisCUFF IT Lyrics
I feel like fallin' in love 
I'm in the mood to fuck somethin' up 
I need some drink in my cup ,âŸheyâŸ
I'm in theâŸmood to fuck somethin' up 
I wanna go missin', I need a prescription
I wanna go higher, can I sit on top of you? 
I wanna go where nobodyâ€™s been 
Have you ever had fun like this? Oh, woah 
We gon' fuck up the night, black lights
Spaceships fly, yeah 
Unapologetic when we fuck up the night, fuck up the night
We gettinâ€™ fucked up tonight
We gon' fuck up the night
Bet you you'll see far
Bet you you'll see stars
Bet you youâ€™ll elevate
Bet you you'll meet God
'Cause I feel like fallin' in love
I'm in the mood to fuck somethin' up
'Cause we gon' fuck up the night
What's in these four walls? You sexy, my love 
Don't miss this roll call, is you here or what? Yeah 
Show up, show up , po' up, po' up, oh 
You Mr. Nasty, I'll clean it up
Go where nobody's been 
Have you ever had fun like this? 
I wanna go missin', I need a prescription
I wanna go higher, can I sit on top of you?
You might also like
We gon' fuck up the night , black lights
Spaceships fly, yeah 
Unapologetic when we fuck up the night , fuck up tonight
We gettin' fucked up tonight
We gon' fuck up the night
Bet you you'll see far
Bet you you'll see stars
Bet you you'll elevate
Bet you you'll meet God
'Cause I feel like fallin' in love
I'm in the mood to fuck somethin' up
We gon' fuck up the night
Hypersonic, sex erotic
On my body, boy, you got it
Hit them 'draulics while I ride it
Got me actin' hella thotty
So excited, so exotic
I'm a seasoned professional
Squeeze it, don't let it go
Tease it, no self-control
I got time today 
Oh, I 
I can't wait to come out and play
Ooh, yeah, you
Come and cuff it, cuff it, cuff it, cuff it, baby
While I buss it, buss it, buss it for you, baby
Oh, baby
Anywhere, anytime
I don't mind, I don't mind
Yeah 
For you 
I'm backin' the truck up, huh 
For you 
A bitch'll get fucked up, huh 
For you 
I'm puttin' my cup up, huh 
For you 
'Cause we gon' fuck up the night
Take flight , blindin' lights 
Fuck it up, fuck it up, fuck it up
Bet you you'll see stars 
Bet you you'll go far 
Bet you you'll levitate 
Bet you you'll meet God 
Ooh 
We gon' fuck up the night 
Spaceships fly
Fuck it up, fuck it up13Embed",0.131,0.682,0.187,-0.9911,Pop
11,Anti-Hero,Taylor Swift,91,0V3wPSX9ygBnCm8psDIegu,0.637,0.643,4,-6.571,1,0.0519,0.13,1.8e-06,0.142,0.533,97.008,"TranslationsPortuguÃªsEspaÃ±olTÃ¼rkÃ§eFranÃ§aisä¸­æ–‡NederlandsDeutschà¹„à¸—à¸¢ / Phasa ThaiItalianoSvenskaĞ£ĞºÑ€Ğ°Ñ—Ğ½ÑÑŒĞºĞ°Anti-Hero Lyrics
I have this thing where I get older, but just never wiser
Midnights become my afternoons
When my depression works the graveyard shift, all of the people
I've ghosted stand there in the room
I should not be left to my own devices
They come with prices and vices
I end up in crisis
I wake up screaming from dreaming
One day, I'll watch as you're leaving
'Cause you got tired of my scheming
It's me, hi
I'm the problem, it's me
At teatime, everybody agrees
I'll stare directly at the sun, but never in the mirror
It must be exhausting always rooting for the anti-hero
Sometimes, I feel like everybody is a sexy baby
And I'm a monster on the hill
Too big to hang out, slowly lurching toward your favorite city
Pierced through the heart, but never killed
Did you hear my covert narcissism I disguise as altruism
Like some kind of congressman?
I wake up screaming from dreaming
One day, I'll watch as you're leaving
And life will lose all its meaning
It's me, hi
I'm the problem, it's me 
At teatime, everybody agrees
I'll stare directly at the sun, but never in the mirror
It must be exhausting always rooting for the anti-hero
You might also like
I have this dream my daughter-in-law kills me for the money
She thinks I left them in the will
The family gathers 'round and reads it and then someone screams out
""She's laughing up at us from Hell""
It's me, hi
I'm the problem, it's me
It's me, hi
I'm the problem, it's me
It's me, hi
Everybody agrees, everybody agrees
It's me, hi 
I'm the problem, it's me 
At teatime , everybody agrees 
I'll stare directly at the sun, but never in the mirror
It must be exhausting always rooting for the anti-hero63Embed",0.109,0.696,0.196,-0.989,Pop
12,golden hour,JVKE,87,5odlY52u43F5BjByhxg7wg,0.515,0.593,4,-4.801,1,0.0322,0.653,0.162,0.25,0.153,94.467,"TranslationsFranÃ§aisEspaÃ±olPortuguÃªsâ€‹golden hour Lyrics
It was just two lovers
Sittin' in the car, listening to Blonde, fallin' for each other
Pink and orange skies, feelin' super childish, no Donald Glover
Missed call from my mother
Like, ""Where you at tonight?""
Got no alibi
I was all alone with the love of my life
She's got glitter for skin
My radiant beam in the night
I don't need no light to see you
Shine
It's your golden hour 
You slow down time
In your golden hour 
We were just two lovers
Feet up on the dash, drivin' nowhere fast, burnin' through the summer
Radio on blast, make the moment last, she got solar power
Minutes feel like hours
She knew she was the baddest
Can you even imagine fallin' like I did?
For the love of my life
She's got glow on her face
A glorious look in her eyes
My angel of light
I was all alone with the love of my life
She's got glitter for skin
My radiant beam in the night
I don't need no light to see you
Shine
It's your golden hour 
You slow down time
In your golden hour 
You might also like14Embed",0.18,0.745,0.075,0.9824,Rock
13,"Shakira: Bzrp Music Sessions, Vol. 53",Bizarrap,96,4nrPB8O7Y7wsOCJdgXkthe,0.778,0.632,2,-5.6,0,0.0493,0.274,0.0,0.0915,0.498,122.104,"TranslationsEnglishDeutschPortuguÃªsShakira: Bzrp Music Sessions, Vol. 53 Lyrics
Oh-oh 
PerdÃ³n, ya cogÃ­ otro aviÃ³n
AquÃ­ no vuelvo, no quiero otra decepciÃ³n
Tanto que te las das de campeÃ³n
Y cuando te necesitaba diste tu peor versiÃ³n
Sorry, baby, hace rato
Que yo debÃ­ botar ese gato
Una loba como yo no estÃ¡ pa' novato'
Una loba como yo no estÃ¡ pa' tipos como tÃº, uh-uh-uh-uh
Pa' tipos como tÃº, uh-uh-uh-uh
A ti te quedÃ© grande y por eso estÃ¡s con una igualita que tÃº, uh-uh-uh-uh
Oh-oh, oh-oh
Esto es pa' que te mortifique', mastique' y trague', trague' y mastique'
Yo contigo ya no regreso, ni que me llores ni me supliquĞµ'
EntendÃ­ que no es culpa mÃ­a quĞµ te critiquen
Yo solo hago mÃºsica, perdÃ³n que te salpique
Me dejaste de vecina a la suegra
Con la prensa en la puerta y la deuda en Hacienda
Te creÃ­ste que me heriste y me volviste mÃ¡s dura
Las mujeres ya no lloran, las mujeres facturan
Tiene nombre de persona buena
Claramente no es como suena
Tiene nombre de persona buena
Claramente
Es igualita que tÃº, uh-uh-uh-uh
Pa' tipos como tÃº, uh-uh-uh-uh
A ti te quedÃ© grande y por eso estÃ¡s con una igualita que tÃº, uh-uh-uh-uh
Oh-oh, oh-oh
You might also like
Del amor al odio hay un paso
Por acÃ¡ no vuelva', hazme caso
Cero rencor, bebÃ©, yo te deseo que te vaya bien con mi supuesto reemplazo
No sÃ© ni quÃ© es lo que te pasÃ³
'TÃ¡s tan raro que ni te distingo
Yo valgo por dos de 22
Cambiaste un Ferrari por un Twingo
Cambiaste un Rolex por un Casio
Vas acelera'o, dale despacio
Ah, mucho gimnasio
Pero trabaja el cerebro un poquito tambiÃ©n
Fotos por donde me ven
AquÃ­ me siento un rehÃ©n, por mÃ­ todo bien
Yo te desocupo maÃ±ana y si quieres traÃ©rtela a ella, que venga tambiÃ©n
Tiene nombre de persona buena 
Claramente no es como suena 
Tiene nombre de persona buena 
Y una loba como yo no estÃ¡ pa' tipos como tÃº, uh-uh-uh-uh
Pa' tipos como tÃº, uh-uh-uh-uh
A ti te quedÃ© grande y por eso estÃ¡s con una igualita que tÃº, uh-uh-uh-uh
Oh-oh, oh-oh
Uh-uh-uh-uh 
Pa' tipos como tÃº, uh-uh-uh-uh 
A ti te quedÃ© grande y por eso estÃ¡s con una igualita que tÃº, uh-uh-uh-uh 
Oh-oh, oh-oh
Ya estÃ¡, chao6Embed",0.022,0.907,0.071,-0.9186,Pop
14,Unholy (feat. Kim Petras),Sam Smith,92,3nqQXoyQOWXiESFLlDF1hG,0.714,0.472,2,-7.375,1,0.0864,0.013,4.51e-06,0.266,0.238,131.121,"New Music Friday 09/23/22 LyricsSam Smith - Unholy 
Lil Nas X - STAR WALKIN' 
Lewis Capaldi - drivers license - Spotify Singles
Kelsea Ballerini - MUSCLE MEMORY
CKay - mmadu
GloRilla & Cardi B - Tomorrow 2
Maya Hawke - Luna Moth
Khalid - Satellite
DaBaby - SOCKSâ˜‘ï¸
Muni Long - Plot Twist
Moneybagg Yo - Blow
Q - Stereo Driver
Yung Gravy, bbno$ & Rich Brian - C'est La Vie
Stormzy - Mel Made Me Do It
Freddie Gibbs - Dark Hearted
Fred again.. - Bleu â˜‘ï¸
The 1975 - All I Need To Hear
Wet Leg - Daisy - Spotify Singles
Kid Cudi & Ty Dolla $ign - Willing To Trust
FLO - Not My Job
5 Seconds of SummĞµr - Bad Omens
Quinn XCII â€“ Common 
iann dior - saddĞµst soundtrack
SG Lewis - Vibe Like This 
SiR - Nothing Even Matters
GIVÄ’ON â€“ Time
Joy Oladokun - Sweet Symphony 
JVKE - this is what sadness feels like
PolimÃ¡ WestCoast & J Balvin - KAWAII
Jamie xx - KILL DEMğŸš
YG - Maniac
Major Lazer, Major League Djz, & DJ Maphorisa - Koo Koo Fun 
Rauw Alejandro & Baby Rasta - PUNTO 40
Channel Tres - No Limitâ˜‘ï¸
Alex G - Immunity
Ashe - Love Is Letting Go 
Joshua Bassett - Lifeline
JP Saxe - When You Think Of Me
Shania Twain - Waking Up Dreaming
Maddie & Tae - Watching Love Leave
Protoje - Ten Cane Row
Lakeyah - Maneuver 
Gucci Mane, BiC Fizzle & BigWalkDog - Red Flag
Red Hot Chili Peppers - Eddie
Charlotte Lawrence - Morning
Mike Posner - I'm Not Dead Yet
Baby Tate - Ainâ€™t No Love  â˜‘ï¸
Kordhell & Scarlxrd - MISS ME?
Kito - Sad Girl Music 
D-Block Europe - Lonely Loversâ˜‘ï¸
Tom The Mail Man - â€¢YOUâ€™RE THE ONE I LIKE NOWâ€¢
The Smashing Pumpkins - Beguiled
Emotional Oranges - Cardigan
Carin Leon - Si Es Cierto Que Te VasğŸš
Christian Leave - Why Not? ğŸš
BLACKSTARKIDS - DIGITAL WORLD ğŸš
Izzi De-Rosa - love u in the morning
Shallou - Save Some Room ğŸš
MEDUZA - Under Pressure ğŸš
Toosii - Heartaches
LUCKI - KAPITOL DENIM
Crush - Rush Hour 
Jnr Choi - TICK TOCK
Savannah RÃ© - WTFâ˜‘ï¸
Zoe Wees - Daddy's Eyes
Zolita - 20 Questions
Nate Smith - I Found You
Milky Chance - Troubled Man
Weezer - What Happens After You?
JELEEL! - DELIVER!
DreamDoll - Fantasy ğŸš
Kailee Morgue - Queen Bitch
MonÃ©t Ngo - Bleachers ğŸš
Alvvays - Belinda Says
TOLEDO - How It Ends ğŸš
Yellow Days - Inner Peace ğŸš
Nikki Lane - Denim & Diamonds ğŸš
Elaine - Deja Vu
Kany GarcÃ­a & Christian Nodal- La Siguiente
Aya Nakamura - VIP
Ofenbach - Love Me Now ğŸš 
Sam Tompkins - Lose It All
PIAO - Haunted by Potential ğŸš
Allie Paige - i feel like flyingâ˜‘ï¸
Greyson Chance - My Dying Spirit
SLANDER - Nothing Hurts Like Goodbye 
Camâ€™Ron & A-Trak - What You Do ğŸš
Fabolous & Dave East - BACH TO BACH
Kendell Marvel - Come on Sunshine ğŸš
Gunnar Gehl - Cinnamon ğŸš
Magdalena Bay - Unconditional
Vieux Farka TourÃ© & Khruangbin - Diarabi ğŸš
Izzy Spears - BAD NEWS ğŸš
NMIXX - DICE
TSHA - Running ğŸš
Tamino - Sunflower
re6ce - teeth 
Ocean x KungFu - M.A.B ğŸš
Bellah - Garden ğŸš
Georgia Webster - X's ğŸšEmbed",0.172,0.727,0.101,0.99,Pop
15,Just Wanna Rock,Lil Uzi Vert,88,4FyesJzVpA39hbYvcseO2d,0.486,0.545,11,-7.924,1,0.0336,0.0652,0.00474,0.0642,0.0385,150.187,"Just Wanna Rock Lyrics
Ah, ah, ah, ah
Ah, ah, ah
I just wanna rock
Body-ody, yeah 
Damn
Damn
 Woah
This ain't what you want 
This ainâ€™t what you want
This ain't what you want
Ha, 1600 block, I just wanna rock 
I just wanna, ah, ah, ah, ah, ah, ah, ah
I just wanna rock, body-ody, yeah 
Shawty got that body-ody, ah, ah, ah 
Hit it once, no ties 
How the fuck you gon' kill my vibe? 
Stand on my money, donâ€™t know my size 
Pick them sides, and you better choose wisely 
That's my high, one, two, three, four, throw up the five  
That's my high
Damn
Damn 
 Woah
This ain't what you want 
This ain't what you want
This ain't what you want
Buh, buh, buh, buh 
Buh, buh, buh, buh 
Buh, buh, buh, buh 
Buh, buh, buh, buh 
Buh, buh, buh, buh 
Buh, buh, buh, buh 
Buh, buh, buh, buh 
Buh, buh, buh, damn 
You might also like16Embed",0.068,0.747,0.185,-0.9488,Rock
16,Love Again,The Kid LAROI,86,4sx6NRwL6Ol3V6m9exwGlQ,0.662,0.398,11,-6.691,0,0.0275,0.716,0.0,0.111,0.468,107.001,"TranslationsEspaÃ±olLove Again Lyrics
Can we go back to how it was?
Before my pride got in between us
Go ahead and hit me where it hurts
Because at least, then I'll feel something
Screaming in my face
Kicked me out your place
I got nowhere to go
Can we find love again?
Is this time the end?
Tell me, how many more tears will drop
Till you hit me with ""Can we talk?""
And try love again
Can we find love again?
Is this time the end?
Tell me, how many more tears will drop
Till you hit mĞµ with ""Can we talk?""
And try love again
I crashed my car into a wall
I triĞµd to text, I shoulda called
Seen blue and red, it wonâ€™t be long 
We went to war, it didn't end
I bit my tongue, you hit my chin
Worst enemy is my best friend 
Screaming in my face
Kicked me out your place
I got nowhere to go
Can we find love again?
Is this time the end?
Tell me, how many more tears will drop
Till you hit me with ""Can we talk?""
And try love again
Can we find love again?
Is this time the end?
Tell me, how many more tears will drop
Till you hit me with ""Can we talk?""
And try love againYou might also like16Embed",0.16,0.703,0.137,0.9236,Pop
17,Heaven,Niall Horan,80,1yHVHoz6Ny29gbbWJYVnFt,0.571,0.761,5,-3.485,1,0.0261,0.0708,0.0,0.331,0.681,91.991,"TranslationsPortuguÃªsTÃ¼rkÃ§eHeaven Lyrics
Strange light revolves around you
You float across the room
Your touch is made of something
Heaven can't hold a candle to
You're made of something new
Let's not get complicated
Let's just enjoy the view
It's hard to be a human
So much to put an answer to
But that's just what we do
God only knows where this could go
And even if our love starts to grow out of control
And you and me go up in flames
Heaven won't be the same
I'm having revelations
You dance across the floor
Beyond infatuation
How I obsessively adore you
That's what I do
I believe, I believe
I could die in your kiss
No, it doesn't get, doesn't get
Better than this
God only knows where this could go
And even if our love starts to grow out of control
And you and me go up in flames
Heaven won't be the same
God only knows where this could go
And even if our love starts to grow out of control
And you and me go up in flames
Heaven won't be the same
You might also like
I believe, I believe
I could die in your kiss
No, it doesn't get, doesn't get
Better than, better than this
God only knows where this could go
And even if our love starts to grow out of control 
And you and me go up in flames
Heaven won't be the same
God only knows where this could go
And even if our love starts to grow out of control
And you and me go up in flames
Heaven won't be the same4Embed",0.257,0.666,0.076,0.9969,Rock
18,LET GO,Central Cee,88,3zkyus0njMCL6phZmNNEeN,0.735,0.449,2,-9.933,0,0.383,0.859,0.0,0.213,0.514,146.016,"TranslationsEspaÃ±olTÃ¼rkÃ§eĞ ÑƒÑÑĞºĞ¸Ğ¹FranÃ§aisNederlandsEnglishLET GO Lyrics
Well, you only need the light when it's burning low
Only miss the sun when it starts to snow 
Only know you love her when you let her go
Alright
Only know you've been high when you're feeling low
Only hate the roads when you're missing home
Only know you love her when you let her go
You said that pussy mine, so why'd you let it go?
Haha, you're such a ho
I loved you until you try to get in my head
And that's why I lost respect
You're doin' the most to get my attention, baby, I'm not impressed, uh
I changed my bedsheets, but I still smell your flesh
I don't know how we got in this mess
I rarely get this in-depth
This girl make me question love
This girl make me feel like less of a man 'cause I'm feelin' depressed and stuff
Can't believe I was willing to drop everyone and invest in us
The last time that we fucked was fucked, the way you got up, got dressed and cut
Look, I thought that we could've been
Maybe, I was too optimistic
Tell me what you need, I'll provide everythin'
Baby, you don't know what you're missin'
Our chemistry felt like quantum physics, physics
Feelin' your energy, feelin' your spirit
If this is the end, I need one more visit
They're showin' me love, but I still feel empty
I need somethin' a lot more fulfillin', uh
Move out of London town then move to a rural village
You made me delete that pic off my phone
But I close my eyes, still see that image
Won't chase if my heart ain't in it, it's finished
Too far gone, can't fix it, bitch, this damage is done
You might also like
Well, you only need the light when it's burning low
Only miss the sun when it starts to snow
Only know you love her when you let her go
Alright
Only know you've been high when you're feeling low
Only hate the roads when you're missing home
Only know you love her when you let her go
You said that pussy mine, so why'd you let it go?
Haha, you're such a ho
I called four times on a private caller, I feel like a creep, uh
I know there's plenty of fish in the sea, but I fucked those girls, got you in my mind
When you fucked those guys, did you wish they were me?
Turn 'em around and I put them in doggy, I don't even fuck them in missionary
There's no intimacy and additionally, it's obligatory when I fucked that opp thot
I don't even take my socks off
And I don't even know why I did it, as soon as I'm finished, I'm gettin' them dropped off
And what makes it worse, I know that she's tellin' her friends that I chopped her
I don't know what you're doin' when we're not together, it's drivin' me mad 'cause I can't even stop ya
Typed in your bank details and sent you a bag, I'm rich like, bitch, unblock me
Make it quick, can you do that promptly?
If you won't give me your love for free, I'll buy it, just tell me how much it'll cost me
Your new man ain't got nothin' on me
Fuck your annual wage, I can make that monthly, huh, alright
Well, you only need the light when it's burning low
Only miss the sun when it starts to snow
Only know you love her when you let her go
Alright
Only know you've been high when you're feeling low
Only hate the roads when you're missing home
Only know you love her when you let her go
You said that pussy mine, so why'd you let it go?
Haha, you're such a ho16Embed",0.175,0.685,0.139,0.9815,Rap
19,I'm Good (Blue),David Guetta,92,4uUG5RXrOk84mYEfFvj3cK,0.561,0.965,7,-3.673,0,0.0343,0.00383,7.07e-06,0.371,0.304,128.04,"TranslationsPortuguÃªsEspaÃ±olTÃ¼rkÃ§eIâ€™m Good  Lyrics
I'm good, yeah, I'm feelin' alright
Baby, I'ma have the best fuckin' night of my life
And wherever it takes me, I'm down for the ride
Baby, don't you know I'm good, yeah, I'm feelin' alright
'Cause I'm good, yeah, I'm feelin' alright
Baby, I'ma have the best fuckin' night of my life
And wherever it takes me, I'm down for the ride
Baby, don't you know I'm good, yeah, I'm feelin' alright
Don't you know I'm good, yeah, I'm feelin' alright
You know I'm down for whatever tonight
I don't need the finer things in life
No matter where I go, it's a good time, yeah
And I, I don't need to sit in VIP
Middle of the floor, that's where I'll be
Don't got a lot, but that's enough for me, yeah
'Cause I'm good, yeah, I'm feelin' alright
Baby, I'ma have the best fuckin' night of my life
And wherever it takes me, I'm down for the ride
Baby, don't you know I'm good, yeah, I'm feelin' alright
I'm good
Good
I'm good
Don't you know I'm good, yeah, I'm feelin' alright
So I just let it go, let it go
Oh, na-na-na-na-na
No, I don't care no more, care no more
Oh, na-na-na-na-na
So come on, let me know, let me know
Put your hands up, na-na-na
No, baby, nothing's gonna stop us tonight
You might also like
'Cause I'm good, yeah, I'm feelin' alright
Baby, I'ma have the best fuckin' night of my life
And wherever it takes me, I'm down for the ride
Baby, don't you know I'm good, yeah, I'm feelin' alright18Embed",0.336,0.616,0.049,0.998,Rock
20,OMG,NewJeans,90,65FftemJ1DbbZ45DUfHJXE,0.804,0.771,9,-4.067,0,0.0433,0.357,3.07e-06,0.108,0.739,126.956,"TranslationsRomanizationEnglishEspaÃ±olPortuguÃªsæ—¥æœ¬èªĞ£ĞºÑ€Ğ°Ñ—Ğ½ÑÑŒĞºĞ°à¹„à¸—à¸¢ / Phasa ThaiOMG Lyrics
ì´ ë…¸ë˜ëŠ” it's about you, baby
Only you
You, you, you
You, you, you, you
ë‚´ê°€ í˜ë“¤ ë•Œ ìš¸ ê²ƒ ê°™ì„ ë•Œ 
ê¸°ìš´ë„ ì´ì   ë‚˜ì§€ ì•Šì„ ë•Œ 
It's you, ë‚  ê±±ì •í•˜ë„¤, it's you, ë‚  ì›ƒê²Œí•˜ë„¤
ë§ ì•ˆ í•´ë„ ë¼, boy, what do you say?
ë©€ë¦¬ë“  ì–¸ì œë“ ì§€ ë‹¬ë ¤ì™€
ë°”ìœ ì²™ë„ ì—†ì´ ë„Œ ë‚˜íƒ€ë‚˜
ì´ê²Œ ë§ì´ ë˜ë‹ˆ ë‚œ ë¬¼ì–´ë´
ë„ˆëŠ” ë§ì•¼, he's the one that's living in my system, baby
Oh my, oh my God, ì˜ˆìƒí–ˆì–´ ë‚˜
I was really hoping that he will come through
Oh my, oh my God, ë‹¨ ë„ˆë¿ì´ì•¼
Asking all the time about what I should do
No, I can never let him go 
ë„ˆë§Œ ìƒê°ë‚˜, twenty-four 
ë‚œ í–‰ìš´ì•„ì•¼ ì •ë§ë¡œ 
I know, I know 
ë„ ì•Œê¸° ì „ê¹Œì§€ëŠ” ë‚˜ 
ì˜ë¯¸ ì—†ì—ˆì–´ ì „ë¶€ ë‹¤ 
ë‚´ ë§˜ì´ ëì´ ì—†ëŠ” ê±¸ 
I know, I know, I'm going crazy, right?
You might also like
ì–´ë””ì„œë“ , ëª‡ ë²ˆì´ë“ 
There ain't nothing else that I would hold on to
I hear his voice  through all the noise
ì ì‹œë¼ë„ ë‚´ ì† ë†“ì§€ ë§ˆ, no, no
ê±±ì • ì—†ì–ì•„
'Cause I got someone
í˜¼ìë¼ë„ ê´œì°®ì•„
'Cause I love someone
ë©€ë¦¬ë“  ì–¸ì œë“ ì§€ ë‹¬ë ¤ì™€
ë°”ìœ ì²™ë„ ì—†ì´ ë„Œ ë‚˜íƒ€ë‚˜
ì´ê²Œ ë§ì´ ë˜ë‹ˆ ë‚œ ë¬¼ì–´ë´
ë„ˆëŠ” ë§ì•¼, he's the one that's living in my system, baby
Oh my, oh my God, ì˜ˆìƒí–ˆì–´ ë‚˜
I was really hoping that he will come through
Oh my, oh my God, ë‹¨ ë„ˆë¿ì´ì•¼
Asking all the time about what I should do
No, I can never let him go 
ë„ˆë§Œ ìƒê°ë‚˜, twenty-four 
ë‚œ í–‰ìš´ì•„ì•¼ ì •ë§ë¡œ 
I know, I know 
ë„ ì•Œê¸° ì „ê¹Œì§€ëŠ” ë‚˜ 
ì˜ë¯¸ ì—†ì—ˆì–´ ì „ë¶€ ë‹¤ 
ë‚´ ë§˜ì´ ëì´ ì—†ëŠ” ê±¸ 
I know, I know 
Baby
Babe, baby
I'm going crazy, right? 
Baby
I'm going crazy, right?
Babe, baby
ë„ˆì™€ ë‚˜
My heart is glowing, it's glowing up 
ë„ˆë‘ë§Œ ìˆìœ¼ë©´ ë¬´ì„œìš¸ ê²Œ ì—†ì–´ 
ê°€ë“ ë©”ì›Œì§„, ë‹¤ ë©”ì›Œì§„ 
My heart is glowing, it'd be glowing
'Cause he
Oh my, oh my God, ì˜ˆìƒí–ˆì–´ ë‚˜
I was really hoping that he will come through
Oh my, oh my God, ë‹¨ ë„ˆë¿ì´ì•¼
Asking all the time about what I should do 
No, I can never let him go 
He's right there for me, twenty-four 
ë‚œ í–‰ìš´ì•„ì•¼ ì •ë§ë¡œ 
I know, I know 
ë„ ì•Œê¸° ì „ê¹Œì§€ëŠ” ë‚˜ 
ì˜ë¯¸ ì—†ì—ˆì–´ ì „ë¶€ ë‹¤ 
ì–´ë–¡í•´
My heart is glowing, it's glowing
My heart is glowing up so I can't sleep at night2Embed",0.083,0.867,0.051,0.907,Latin
21,Snooze,SZA,88,4iZ4pt7kvcaH6Yo8UoZ4s2,0.559,0.551,5,-7.231,1,0.132,0.141,0.0,0.11,0.392,143.008,"TranslationsEspaÃ±olPortuguÃªsSnooze Lyrics
Ooh
I think I know
I'll touch that fire for you
I do that three, four times again, I testify for you
I told that lie, I'd kill that bitch
I do what all of them around you scared to do, I'm not
Long as you juggin' out here for me, I got it
Mobbin', schemin', lootin', hide your bodies
Long as you dreamin' 'bout me, ain't no problem
I don't got nobody, just with you right now
Tell the truth, I look better under you
I can't lose when I'm with you
How can I snooze and miss the moment?
You just too important
Nobody do body like you do
I can't lose when I'm with you
I can't just snooze and miss the moment
You just too important
Nobody do body like you do, you do
In a droptop ride with you, I feel like Scarface 
Like that white bitch with the bob, I'll be your main one 
LĞµt's take this argument back up to my place 
Sex remind you I'm nonviolent, I'm your day one 
We ain't have shit yet, it was magic, yeah
Smash and grab shit, yeah
Nasty habits take a hold when you not here
Ain't a home when you not here
Hard to grow when you not here, I'm sayin'
I can't lose when I'm with you
How can I snooze and miss the moment?
You just too important
Nobody do body like you do
I can't lose when I'm with you
How can I snooze and miss the moment?
You just too important
Nobody do body like you do, you do
You might also like
Main one ridin'
How you frontin' on me and I'm the main one tryin'?
How you blame it on me and you the main one lyin'?
How you threatenin' to leave and I'm the main one cryin'?
Just tryna be your everything
Main one ridin'
How you frontin' on me and I'm the main one tryin'?
How you blame it on me and you the main one lyin'?
How you threatenin' to leave and I'm the main one cryin'?
I can't lose when I'm with you 
How can I snooze and miss the moment? 
You just too important
Nobody do body like you do
I can't lose when I'm with you 
How can I snooze and miss the moment? 
You just too important
Nobody do body like you do, you do
Nah, nah, nah, nah
I think I know, woah
See, no, I can't lose, oh
I think I know, oh11Embed",0.157,0.739,0.104,0.9669,Pop
22,Here With Me,d4vd,91,78Sw5GDo6AlGwTwanjXbGh,0.574,0.469,4,-8.209,1,0.0254,0.534,9.21e-05,0.128,0.288,132.023,"TranslationsTÃ¼rkÃ§eHere With Me Lyrics
Watch the sunrise along the coast
As we're both getting old
I can't describe what I'm feeling
And all I know is we're going home
So, please don't let me go
Don't let me go
And if it's right, I don't care how long it takes
As long as I'm with you, I've got a smile on my face
Save your tears, it'll be okay
All I know is you're here with me
Ooh-ooh, oh, oh-oh
Oh-oh-oh-oh-oh
Watch the sunrise as we're getting old, oh-oh
I can't describe, oh-oh
I wish I could live through every memory again
Just one more time before we float off in the wind
And all the time we spent waiting for the light to take us in
Have been the greatest moments of my life
I don't care how long it takes
As long as I'm with you, I've got a smile on my face
Save your tears, it'll be okay
You're here with me
Ooh-ooh, oh, oh-oh
Oh-oh-oh-oh-oh
I can't describe, oh-ohYou might also like2Embed",0.126,0.813,0.061,0.9038,Rock
23,10:35,TiÃ«sto,88,6BePGk3eCan4FqaW2X8Qy3,0.696,0.793,8,-5.733,1,0.097,0.0683,3.78e-06,0.18,0.698,120.003,"10:35 Lyrics
All I know it's 10:35
And I can feel your arms around me
Let â€™em drown me
All I know it's 10:35
And I'm thankinâ€™, thankin' God you found me
That you found me
Every day, I go places in my head
Darker thoughts are harder now
They look like monsters under my bed
And every time, it's like a rocket through my chest
The TV make you think the whole world's about to end
I don't know where this night is goin' 
But I know that you and me got somethin' 
So many things that Iâ€™m afraid of 
But right now, I ainâ€™t scared of nothin'
'Cause all I know it's 10:35
And I can feel your arms around me
Let 'em drown me
All I know it's 10:35
And I'm thankin', thankin' God you found me
That you found me
So don't you worry about tomorrow
Don't you worry, just pass the bottle
All I know it's 10:35
And I can feel your arms around me
Let 'em drown me
Every night, I go places in my dreams
So many never-endin' alleyways
I don't know what it means
But this is it, I know the sun'll wake me up
Tell me I'd be dumb to not get what I want
You might also like
I don't know where this night is goin'
But I know that you and me got somethin'
So many things that I'm afraid of
But right now, I ain't scared of nothin'
'Cause all I know it's 10:35
And I can feel your arms around me
Let 'em drown me
All I know it's 10:35
And I'm thankin', thankin' God you found me
That you found me
So don't you worry about tomorrow
Don't you worry , just pass the bottle 
All I know it's 10:35
And I can feel your arms around me
Let 'em drown me 
It's 10:35, oh-ooh
10:35, oh-oh-oh
Know it's 10:35, oh-oh-oh
Know it's 10:35, oh-oh-oh5Embed",0.089,0.808,0.103,-0.8709,Latin
24,Made You Look,Meghan Trainor,89,0QHEIqNKsMoOY5urbzN48u,0.838,0.525,10,-3.562,1,0.0665,0.345,1.92e-06,0.0771,0.884,144.981,"Made You Look Lyrics
I could have my Gucci on
I could wear my Louis Vuitton
But even with nothin' on
Bet I made you look 
I'll make you double take soon as I walk away
Call up your chiropractor just in case your neck break
Ooh, tell me what you, what you, what you gon' do, ooh
'Cause I'm 'bout to make a scene, double up that sunscreen
I'm 'bout to turn the heat up, gonna make your glasses steam
Ooh, tell me what you, what you, what you gon' do, ooh
When I do my walk, walk
I can guarantee your jaw will drop, drop
'Cause they don't make a lot of what I got, got
Ladies, if you feel me, this your bop, bop 
I could have my Gucci on 
I could wear my Louis Vuitton
But even with nothin' on
Bet I made you look 
Yeah, I look good in my VersacĞµ dress 
But I'm hotter whĞµn my morning hair's a mess
'Cause even with my hoodie on
Bet I made you look 
Mhm-hm-hm
And once you get a taste , you'll never be the same
This ain't that ordinary, this that 14 karat cake
Ooh, tell me what you, what you what you gon' do, ooh
When I do my walk, walk
I can guarantee your jaw will drop, drop 
'Cause they don't make a lot of what I got, got
Ladies, if you feel me, this your bop, bop 
You might also like
Ooh, I could have my Gucci on 
I could wear my Louis Vuitton 
But even with nothin' on
Bet I made you look 
Yeah, I look good in my Versace dress 
But I'm hotter when my morning hair's a mess
'Cause even with my hoodie on
Bet I made you look 8Embed",0.072,0.871,0.057,0.6652,Latin
25,I Ain't Worried,OneRepublic,90,4h9wh7iOZ0GGn8QVp4RAOB,0.704,0.797,0,-5.927,1,0.0475,0.0826,0.000745,0.0546,0.825,139.994,"I Ainâ€™t Worried Lyrics
I don't know what you've been told
But time is running out, no need to take it slow
I'm stepping to you toe-to-toe
I should be scared, honey, maybe so
But I ain't worried 'bout it right now 
Keeping dreams alive, 1999, heroes
I ain't worried 'bout it right now 
Swimmin' in the floods, dancing on the clouds below
I ain't worried 'bout it
I ain't worried 'bout it 
I don't know what you've been told
But time is running out so spend it like it's gold
I'm living like I'm nine-zeros
Got no regrets even when I am broke 
I'm at my best when I got something I'm wanting to steal
Way too busy for them problems and problems to feel 
No stressing, just obsessing with sealing the deal
I'll take it in and let it go
But I ain't worried 'bout it right now 
Keeping dreams alive, 1999, heroes
I ain't worried 'bout it right now 
Swimmin' in the floods, dancing on the clouds below
I ain't worried 'bout it
I ain't worried 'bout it 
Ooh, I ain't worried
Ooh, oh, no, no
You might also like
I ain't worried 'bout it right now 
Keeping dreams alive, 1999, heroes
I ain't worried 'bout it right now 
Swimmin' in the floods, dancing on the clouds below
I ain't worried 'bout it 
I ain't worried 'bout it 
I ain't worried 'bout it4Embed",0.289,0.568,0.143,0.9927,Latin
26,People,Libianca,86,26b3oVLrRUaaybJulow9kz,0.573,0.422,10,-7.621,0,0.0678,0.551,1.31e-05,0.102,0.693,124.357,"People Lyrics
Oh-oh-oh-oh
Mhmm, mhmm
From Bamenda, it's Libianca
Oh-oh 
I've been drinking more alcohol for the past five days
Did you check on me?
Now, did you look for me?
I walked in the room, eyes are red and I don't smoke banga
Did you check on me? 
Now, did you notice me?
Nobody wey know the paranoia oh
'Cause I put a smile on my face
A faÃ§ade you can never face 
And if you don't know me well, well, oh
You won't see how buried I am inside my grave
Inside my grave
'Cause you see peoplĞµ, people, peoplĞµ, people
Don't really know you
They don't really know you
'Cause you see people, people, people
They don't really know you
They don't really knowâ€”
I've been drinking more alcohol for the past five days
Did you check on me?
Now, did you look for me?
I walked in the room, eyes are red and I don't smoke banga
Did you check on me? 
Now, did you notice me?
Oh, holy father
Oh, holy father, I dey try fo hold my head
I say make you no leave me diko
Oh, holy father 
Oh, make you try fo understand
Yahoo girl no dey for here
You might also like
'Cause you see people, people, people, people
Don't really know you 
They don't really know you
'Cause you see people, people, people
They don't really know you 
They don't really knowâ€”
I've been drinking more alcohol for the past five days
Did you check on me?
Now, did you look for me?
I walked in the room, eyes are red and I don't smoke banga
Did you check on me? 
Now, did you notice me?
I've been drinking more alcohol for the past five days
Did you check on me?
Now, did you look for me?
I walked in the room, eyes are red and I don't smoke banga
Did you check on me? 
Now, did you notice me?
I've been drinking more alcohol for the past five days
Did you check on me?1Embed",0.015,0.935,0.051,-0.8551,Pop
27,ceilings,Lizzy McAlpine,83,2L9N0zZnd37dwF0clgxMGI,0.516,0.322,9,-11.762,1,0.0292,0.473,0.00194,0.215,0.261,148.005,"TranslationsEspaÃ±olâ€‹ceilings Lyrics
Ceilings, plaster
Can't you just make it move faster?
Lovely to be sitting here with you
You're kinda cute but it's raining harder
My shoes are now full of water
Lovely to be rained on with you
It's kinda cute but it's so short
Then you're driving me home
And I don't wanna leave
But I have to go
You kiss me in your car
And it feels like the start of a movie I've seen before
Before
Bed sheets, no clothes
Touch me like nobody else does
Lovely to just lay here with you
You're kinda cute and I would say all of this
But I don't wanna ruin the moment
Lovely to sit between comfort and chaos
But it's over
Then you're driving me home
And it kinda comes out as I get up to go
You kiss me in your car
And it feels like the start of a movie I've seen before
But it's not real
And you don't exist
And I can't recall the last time I was kissed
It hits me in the car
And it feels like the end of a movie I've seen before
BeforeYou might also likeEmbed",0.251,0.715,0.033,0.9944,Rock
28,I Like You (A Happier Song) (with Doja Cat),Post Malone,85,0O6u0VJ46W86TxN9wgyqDj,0.733,0.67,5,-6.009,1,0.0751,0.121,0.0,0.121,0.472,100.964,"I Like You   LyricsOh girl I like you, I do
I wanna be your friend, go shoppin' in the Benz
I like you, I do
I'll hit you when I land, can you fit me in your plans?
I like you, I do
We went over to France, then we woke up in Japan
I like you, I do 
Oh girl, I know you only like it fancy
So I pull up in that Maybach Candy
Yeah, your boyfriend'll never understand me
'Cause I'm 'bout to pull his girl like a hammy, hammy
Let's take a lil' dip, lil' lady
Hit PCH, 180
Yeah, I've been thinkin' lately
That I need someone to save me
Now that I'm famous, I got hoes all around me, but
I need a good girl, I need someone to ground me, so
Please be true, don't fuck around with me
I need someone to share this heart with me
Fill you up, then run it back again
Oh girl I like you, I do
I wanna be your friend, go shoppin' in the Benz
I like you, I do
I'll hit you when I land, can you fit me in your plans?
I like you, I do
We went to bed in France, then we woke up in Japan
I like you, I do, I do
Let me know when you're free
'Cause I been tryna hit it all week, babe
Why you acting all sweet?
I know that you want little ol' me
I get a little OD
But ain't shit new to a freak
Let me drop bands, put a jewel in ya teeth
He love the way I drip, turn that pool to the beach
And I coulda copped a Birkin but I cop Celine
Why we got the same taste for the finer things?
Brand-new nigga with the same old team
Now he got me on a leash 'cause he said no strings
You know I'm cool with that
Stole the pussy, you ain't get sued for that
Wonder what a nigga might do for that 
I could be your Chaka, where Rufus at? 
80 in the Benz when that roof go back
They don't wanna see us get too attached
I just got a feeling that we might be friends for a long, long time
You don't mind, and you know I like you for that
Oh girl, I like you, I do
I wanna be your friend, go shoppin' in the Benz
I like you, I do
I'll hit you when I land, can you fit me in your plans?
I like you, I do
We went to bed in France, then we woke up in Japan
I like you, I do, I do
I just want you, I just want you
Your heart's so big, but that ass is huge
Just want you, oh baby do
You like me too, ooh, ooh
Girl, I like you, I do
I wanna be your friend, go shoppin' in the Benz
I like you, I do, I doYou might also likeEmbed",0.254,0.72,0.026,0.9989,Pop
29,Miss You,Oliver Tree,88,73vIOb4Q7YN6HeJTbscRx5,0.587,0.742,6,-6.64,0,0.0529,0.0128,0.00107,0.146,0.199,145.007,"TranslationsFranÃ§aisMiss You Lyrics
Don't remind me
I'm mindin' my own damn business
Don't try to find me
I'm better left aloneâ€…thanâ€…in this
It doesn'tâ€…surprise me
Do you really think thatâ€…I could care?
If you really don't like me
Find somebody else, it could be anyone else out there
Don't fret
I don't ever wanna see you
And I never wanna meet you again
One thing
When you're angry, you're a jerk
And then you treat me like I'm worth nothin'
Don't fret
I don't ever wanna see you
And I nĞµver wanna meet you again
It'll happen again
I watch it happen ovĞµr and over again
Don't fret
I don't ever wanna see you
And I never wanna meet you again
One thing
When you're angry, you're a jerk
And then you treat me like I'm worth nothin'
Don't remind me
I'm mindin' my own damn business
Don't try to find me
I'm better left alone than in this
It doesn't surprise me
Do you really think that I could care?
If you really don't like me
Find somebody else, it could be anyone else out there
Don't fret
I don't ever wanna see you
And I never wanna meet you again
One thing
When you're angry, you're a jerk
And then you treat me like I'm worth nothin'
Don't fret
I don't ever wanna see you
And I never wanna meet you again
It'll happen again
I watch it happen over and over again
Don't fret
I don't ever wanna see you
And I never wanna meet you again
One thing
When you're angry, you're a jerk
And then you treat me like I'm worth nothin'You might also like12Embed",0.098,0.741,0.161,-0.951,Edm
30,STAR WALKIN' (League of Legends Worlds Anthem),Lil Nas X,85,38T0tPVZHcPZyhtOcCP7pF,0.637,0.715,2,-4.971,0,0.0455,0.148,0.0,0.0892,0.308,141.872,"Lil Nas X - STAR WALKINâ€™   Lyrics
åªè¦æˆ‘å°šå­˜ä¸€æ¯ å°±è«è¦è¯´æˆ‘ä¸€è´¥æ¶‚åœ°
ä¸æœˆå…‰èµ›è·‘ æˆ‘æ­£å€é“è€Œè¿›
æˆ‘æ­£æœç€ç¹æ˜Ÿçš„æ–¹å‘ å·²ä¸ºè¿œèˆªå‡†å¤‡å°±ç»ª
æˆ‘æ­£æ˜Ÿé™…æ¼«æ­¥
åªè¦æˆ‘å°šå­˜ä¸€æ¯ å°±è«è¦è¯´å·²å‰åŠŸå°½å¼ƒ
ä¸æœˆå…‰èµ›è·‘ æˆ‘æ­£å€é“è€Œè¿›
æˆ‘æœç€ç¹æ˜Ÿçš„æ–¹å‘ å·²ä¸ºè¿œèˆªå‡†å¤‡å°±ç»ª
æˆ‘æ­£æ¼«æ­¥äºæ˜Ÿå…‰ä¹‹ä¸Š
è‚©è´Ÿé«˜ç©ºé£å‡ä¹‹ä½¿å‘½
æˆ‘æ·±çŸ¥ æˆ‘å°†å› è¿½å¯»æˆ‘å¹¶éæ¸´æœ›çš„ç”Ÿæ´» è€Œèµ´æ±¤è¹ˆç«
æœªæ›¾å¬ä»å›å¤ æ›¾ä¹Ÿä»æ™ºè€…èº«ä¸Šæ±²å–æ•™è®­
ä½ æ°¸è¿œéƒ½ä¸åº”è¯¥ å¬ä»æœªæ›¾å®è·µä¹‹äººçš„å»ºè®®
ä»–ä»¬è¯´æˆ‘ç»å¯¹æ— æ³•å¼€æ‹“æ–°æœº
ä»–ä»¬è¯´æˆ‘æ°¸è¿œæ— æ³•æœ›è§å…‰æ˜
è¿™ä¾¿æ˜¯ä¸ºä½• æˆ‘æ¯æ¬¡éƒ½å¾—æ‘’é™¤ä¸€åˆ‡æ‚å¿µ
åªè¦æˆ‘å°šå­˜ä¸€æ¯ å°±è«è¦è¯´æˆ‘ä¸€è´¥æ¶‚åœ°
ä¸æœˆå…‰èµ›è·‘ æˆ‘å€é“è€Œè¿›
æˆ‘æœç€ç¹æ˜Ÿçš„æ–¹å‘ å·²ä¸ºè¿œèˆªå‡†å¤‡å°±ç»ª
æˆ‘æ­£æ¼«æ­¥äºæ˜Ÿå…‰ä¹‹ä¸Š
åªè¦æˆ‘å°šå­˜ä¸€æ¯ å°±è«è¦è¯´å·²å‰åŠŸå°½å¼ƒ
ä¸æœˆå…‰èµ›è·‘ æˆ‘å€é“è€Œè¿›
æˆ‘æœç€ç¹æ˜Ÿçš„æ–¹å‘ å·²ä¸ºè¿œèˆªå‡†å¤‡å°±ç»ª
æˆ‘æ­£æ¼«æ­¥äºæ˜Ÿè·¯ä¹‹ä¸Š
è‡ªæˆ‘æ¯äº²å°†æˆ‘ç”Ÿå‡ºæ—¶ å°±æœªæ›¾æ”¹å˜
æ„Ÿè°¢ä¸Šå¸ æ„Ÿè°¢çˆ¶äº²æœªæ›¾æ‹…èµ·è´£ä»»
è¯æ˜ä»–ä»¬å¤§é”™ç‰¹é”™ è¿™ç§äº‹å¥½ä¼¼ä¹ ä»¥ä¸ºå¸¸
ä¸ºä½•æ•¬å¥‰è‹±é›„ ä½ æ˜æ˜èƒ½å¤Ÿä¸ä¹‹è”ç›Ÿ 
è¿™äº›ä¼™è®¡éƒ½ä¸å–œæ¬¢æˆ‘ ä»–ä»¬ä¸çˆ±æˆ‘
æˆ–è®¸ä»–ä»¬æ˜¯æƒ³ä¸æˆ‘æ–—äº‰
æˆ˜å•Š é‚£å°±æ¥ä¸€æ¢ç©¶ç«Ÿ äº‰ä¸ªä½ è¾“æˆ‘èµ¢
ä»–ä»¬æ›¾å°†æˆ‘å°½æ•°è´¬ä½ å¯æˆ‘æœªæ›¾ç—›å“­
ä¸ºä½•é€‰æ‹©äº†æˆ‘
æ™ºè€…è¿™æ ·è¯´é“
You might also like
è«è¦å°†ä»·å€¼è€—è´¹äº éš¾ä»¥ä»˜è¯¸è¡ŒåŠ¨ä¹‹äºº
ä»–ä»¬è¯´æˆ‘ç»å¯¹æ— æ³•å¼€æ‹“æ–°æœº
ä»–ä»¬è¯´æˆ‘æ°¸è¿œæ— æ³•æœ›è§å…‰æ˜
è¿™ä¾¿æ˜¯ä¸ºä½• æˆ‘æ¯æ¬¡éƒ½å¾—å°†ä¸€åˆ‡æ‚å¿µæ‘’é™¤è€Œå°½
åªè¦æˆ‘è¿˜æœ‰ä¸€å£æ°” å°±è«è¦è¯´æˆ‘ä¸€è´¥æ¶‚åœ°
ä¸æœˆå…‰èµ›è·‘ æˆ‘åŠ é€Ÿå‘å‰
æˆ‘æœç€ç¹æ˜Ÿçš„æ–¹å‘ å·²ä¸ºè¿œèˆªå‡†å¤‡å°±ç»ª
æˆ‘æ­£æ¼«æ­¥äºæ˜Ÿè·¯ä¹‹ä¸Š
åªè¦æˆ‘å°šå­˜ä¸€æ¯ å°±è«è¦è¯´æˆ‘æ»¡ç›˜çš†è¾“
ä¸æœˆå…‰èµ›è·‘ æˆ‘åŠ é€Ÿå‘å‰
æˆ‘æœç€ç¹æ˜Ÿçš„æ–¹å‘ å·²ä¸ºè¿œèˆªå‡†å¤‡å°±ç»ª
æˆ‘æ­£æ¼«æ­¥æ˜Ÿä¸Š
åªè¦æˆ‘å°šå­˜ä¸€æ¯ å°±è«è¦è¯´æˆ‘ä¸€è´¥å¦‚æ°´
ä¸æœˆå…‰èµ›è·‘ æˆ‘å€é“è€Œè¿›
æˆ‘æœç€ç¹æ˜Ÿçš„æ–¹å‘ å·²ä¸ºè¿œèˆªå‡†å¤‡å°±ç»ª
æˆ‘æ­£æ¼«æ­¥äºæ˜Ÿè·¯ä¹‹ä¸ŠEmbed",0.026,0.974,0.0,0.3612,Pop
31,Until I Found You (with Em Beihold) - Em Beihold Version,Stephen Sanchez,89,1Y3LN4zO1Edc2EluIoSPJN,0.551,0.55,10,-5.339,1,0.0286,0.777,0.0,0.202,0.342,101.19,,,,,,Pop
32,I'm Not Here To Make Friends,Sam Smith,84,3i0FkJYlU4MFfYkjFHXXAM,0.698,0.895,0,-4.439,1,0.0628,0.172,1.45e-05,0.409,0.838,114.914,"Iâ€™m Not Here To Make Friends Lyrics
If you can't love yourself
How in the hell you gon' love somebody else?
Can I get a amen in here?
You gotta, you gotta ask me
Yeah, I'm goin' to the party
But I'm not goin' to make friends
I need a lover
Everybody's looking for somebody
For somebody to take home
I'm not the exception
I'm a blessing of a body to love on
If you want it bad tonight 
Come by me and drop a line 
Put your aura into mine 
Don't be scared if you like it
I could fill you up with life 
I could ease your appetite 
Know you've never been this high 
Don't be scared if you like it
'Cause I'm not here to make friends
No, I'm not here to make friends 
'Cause I'm not here to make friends
I need a lover 
I need a lover 
I'm just being honest, baby
I just need a partner when the lights come on
 Yeah, yeah
Thirty almost got me and I'm so over love songs, yeah
So if you want it bad tonight 
Come by me and drop a line 
Though you've never been this high 
Don't be scared if you like it
You might also like
'Cause I'm not here to make friends
No, I'm not here to make friends 
'Cause I'm not here to make friends
I need a lover 
I need a lover 
I need a la-la-la-la-la-la-la-la-la
I need a la-la-la-la-la-la-la-la-la
I need a la-la-la-la-la-la-la-la-la
I need a lover 
I need a lover 
Everybody's looking for somebody
For somebody to take home
I'm not the exception
I'm a blessing of a body to love on
'Cause I'm not here to make friends
No, I'm not here to make friends
'Cause I'm not here to make friends
I need a lover 
I need a lover 
I need a la-la-la-la-la-la-la-la-la
I need a la-la-la-la-la-la-la-la-la
I need a la-la-la-la-la-la-la-la-la
I need a lover, I need a lover
I need a la-la-la-la-la-la-la-la-la
I need a la-la-la-la-la-la-la-la-la
I need a la-la-la-la-la-la-la-la-la
I need a lover 
I need a lover Embed",0.366,0.536,0.098,0.9991,Latin
33,Late Night Talking,Harry Styles,86,1qEmFfgcLObUfQm0j1W2CK,0.714,0.728,10,-4.595,1,0.0468,0.298,0.0,0.106,0.901,114.996,"TranslationsTÃ¼rkÃ§eEspaÃ±olPortuguÃªsà¤¹à¤¿à¤¨à¥à¤¦à¥€DeutschFranÃ§aisLate Night Talking Lyrics
Things haven't been quite the same
There's a haze on the horizon, babe
It's only been a couple of days and I miss you, mmm, yeah
When nothing really goes to plan
You stub your toe or break your camera
I'll do everything I can to help you through
If you're feeling down, I just wanna make you happier, baby
Wish I was around, I just wanna make you happier, baby
We've been doin' all this late-night talkin'
'Bout anything you want until the morning
Now you're in my life
I can't get you off my mind
I've never been a fan of change
But I'd follow you to any place
If it's Hollywood or Bishopsgate, I'm coming, too
If you're feeling down, I just wanna make you happier, baby
Wish I was around, I just wanna make you happiĞµr, baby
We've been doin' all this late-night talkin'
'Bout anything you want until thĞµ morning
Now you're in my life
I can't get you off my mind
Can't get you off my mind
Can't get you off my mind 
I won't even try 
To get you off my mind 
You might also like
We've been doin' all this late-night talkin'
'Bout anything you want until the morning
Now you're in my life
I can't get you off my mind
Can't get you off my mind 
Can't get you off my mind 
I won't even try 
Can't get you off myâ€” 26Embed",0.115,0.874,0.011,0.9655,Latin
34,Lavender Haze,Taylor Swift,85,5jQI2r1RdgtuT8S3iG8zFC,0.733,0.436,10,-10.489,1,0.08,0.258,0.000573,0.157,0.0976,96.985,"TranslationsEspaÃ±olFranÃ§aisPortuguÃªsä¸­æ–‡HrvatskiMagyarItalianoĞ£ĞºÑ€Ğ°Ñ—Ğ½ÑÑŒĞºĞ°TÃ¼rkÃ§eNederlandsSvenskaDeutschLavender Haze Lyrics
Meet me at midnight
Staring at the ceiling with you
Oh, you don't ever say too much
And you don't really read into
My melancholia
I been under scrutiny 
You handle it beautifully 
All this shit is new to me 
I feel the lavender haze creeping up on me
Surreal
I'm damned if I do give a damn what people say
No deal
The 1950s shit they want from me
I just wanna stay in that lavender haze
All they keep asking me 
Is if I'm gonna be your bride
The only kinda girl they see 
Is a one-night or a wife
I find it dizzying 
They're bringing up my history 
But you weren't even listening 
I feel the lavender haze creepin' up on me
Surreal
I'm damned if I do give a damn what people say
No deal
The 1950s shit they want from me
I just wanna stay in that lavender haze
You might also like
That lavender haze
Talk your talk and go viral
I just need this love spiral
Get it off your chest
Get it off my desk 
Talk your talk and go viral
I just need this love spiral
Get it off your chest
Get it off my desk
I feel , the lavender haze creeping up on me
Surreal
I'm damned if I do give a damn what people say
No deal 
The 1950s shit they want from me
I just wanna stay in that lavender haze
Get it off your chest
Get it off my desk
That lavender haze
I just wanna stay
I just wanna stay in that lavender haze35Embed",0.08,0.782,0.137,-0.9294,R&b
35,Nobody Gets Me,SZA,86,5Y35SjAfXjjG0sFQ3KOxmm,0.358,0.284,7,-8.285,1,0.0285,0.805,0.0,0.183,0.276,99.796,"TranslationsEspaÃ±olPortuguÃªsNobody Gets Me Lyrics
Took a long vacation
No make-up, just JAY-Z
You were balls-deep, now we beefin'
Had me butt-naked at the MGM
So wasted, screamin', ""Fuck that""
Blurry now, but I meant it then
Hurry now, baby, stick it in
'Fore the memories get to kickin' in
It's too late, I don't wanna lose
What's left of you
How am I supposed to tell you
I don't wanna see you with anyone but me?
Nobody gets me like you
How am I supposed to let you go?
Only like myself when I'm with you
Nobody gets me, you do 
You do
Nobody gets me, you do 
You do
Nobody gets me, you do
You do
Nobody gets me, you do
Took me out to the ballet
You proposĞµd, I went on the road
You was feelin' empty so you lĞµft me
Now I'm stuck dealin' with a deadbeat
If I'm real, I deserve less
If I was you, I wouldn't take me back
I pretend when I'm with a man it's you
And I know that it's too late, I don't wanna lose
You might also like
What's left of you
How am I supposed to tell you
I don't wanna see you with anyone but me?
Nobody gets me like you
How am I supposed to let you go?
Only like myself when I'm with you
Nobody gets me, you do 
You do
Nobody gets me, you do 
You do
Nobody gets me, you do 
You do
Nobody gets me, you do 
Nobody gets me, you do6Embed",0.087,0.861,0.052,0.9225,Pop
36,Rich Flex,Drake,89,1bDbXMyjaUIooNwFE9wn0N,0.561,0.52,11,-9.342,0,0.244,0.0503,1.86e-06,0.355,0.424,153.15,"TranslationsPortuguÃªsĞ ÑƒÑÑĞºĞ¸Ğ¹EspaÃ±olTÃ¼rkÃ§eRich Flex Lyrics
Go buy a zip of weed, hit the club
Pay for 'bout ten niggas to get in
We crunk, lit, in this bitch, yeah
Know we walk around the world
Steppin', not givin a damn 'bout where our feet land at, yeah
Get your ass mushed, smooshed 
Yeah, 21, the biggest
Put a nigga in the chicken wing, pussy
21, can you do somethin' for me? 
Can you hit a lil' rich flex for me? 
And 21, can you do somethin' for me? 
Drop some bars to my pussy ex for me
Then 21 , can you do somethin' for me? 
Can you talk to the opps necks for me? 
21, do your thing 21, do your thing 
Do your thing, 21, do your thing
Yellow diamonds in the watch, this shit cost a lot
Never send a bitch your dot, that's how you get shot
I DM in Vanish Mode, I do that shit a lot
Took her panties off and this bitch thicker than the plot
All my exes ain't nothin', them hoes busted
If my opps ain't rappin', they ass duckin'
You ain't ready to pull the trigger, don't clutch it
I know you on your period baby, can you suck it?
I'm a savage 
Smack her booty in Magic 
I'll slap a pussy nigga with a ratchet 
I might slap a tracker on his whip and get the addy 
Don't call me on Christmas Eve, bitch, call your daddy 
Bitch, call your uncle , bitch, don't call me 
Always in my ear, your ho a flea 
Why my opps be posting guns and only use they feet? 
Paid like an athlete, I gotâ€”
You might also like
All you hoes, all of you hoes need to remember who y'all talkin' to
It's a Slaughter Gang CEO
I got dick for you if I'm not workin', girl
If I'm busy then fuck no
You need to find you someone else to call
When your bank account get low, you need to find you someoneâ€”
Ayy, ayy, ayy, ayy, ayy
I'm on that Slaughter Gang shit, ayy, murder gang shit
Ayy, Slaughter Gang shit, ayy, murder gang shit, ayy
Sticks and stones, chrome on chrome
That's just what a nigga on
Internet clones, got 'em kissin' through the phone
Pussies cliquin' up so they don't feel alone, ayy
Nan' nigga seein' me, I'm Young Money CMB
I used to roll with CMG, the house is not a BNB
The bad bitches waitin' on a nigga like I'm PND
I'm steady pushin' P, you niggas pushing PTSD
I told her ass to kiss me in the club, fuck a TMZ
I used to want a GMC, when Woe was doing BNE
We revvin' up and goin' on a run like we DMC
I layup with her for a couple days, then its BRB
You rappers love askin' if I fucked, when you know we did
When you know we did
She came in heels but she left out on her cozy shit
Ayy, I'm livin every twenty-four like Kobe did
Shoutout to the 6ix, R.I.P to 8
Swear this shit is gettin' ate, I'm on ten for the cake
Get a lot of love from twelve, but I don't reciprocate
Fifty-one division stay patrollin' when it's late
21 my addy, so the knife is on the gate
All the dawgs eatin' off a Baccarat plate
Niggas see Drake and they underestimate
Take it from a vet', that's a rookie ass mistake, ayy
Ah, what, what
Slaughter Gang shit, ayy, murder gang shit
Ayy, Slaughter Gang shit, ayy, murder gang shit
Ayy, Slaughter Gang shit, ayy, murder gang shit
On God
Boy, look, you the motherfuckin' man, boy, you, ooh
You is the man, you hear me?28Embed",0.054,0.729,0.216,-0.999,Rap
37,THE LONELIEST,MÃ¥neskin,81,1Ame8XTX6QHY0l0ahqUhgv,0.519,0.595,2,-5.001,1,0.0283,0.00151,0.0,0.0762,0.237,129.786,"TranslationsPortuguÃªsItalianoFranÃ§aisTHE LONELIEST Lyrics
You'll be the saddest part of me
A part of me that will never be mine
It'sâ€…obvious
Tonightâ€…is gonna beâ€…the loneliest
You're still the oxygen Iâ€…breathe
I see your face when I close my eyes
It's torturous
TonightâŸisâŸgonnaâŸbe the loneliest
There'sâŸa few linesâŸthat I have wrote
In case of death, that's what I want
That's what I want
So don't be sad when I'll be gone
There's just one thing I hopĞµ you know
I loved you so
'Cause I don't evĞµn care about the time I've got left here
The only thing I know now is that I want to spend it
With you, with you
Nobody else here
Tonight is gonna be the loneliest
You'll be the saddest part of me
A part of me that will never be mine
It's obvious
Tonight is gonna be the loneliest
You're still the oxygen I breathe
I see your face when I close my eyes
It's torturous
Tonight is gonna be the loneliest
I'm sorry but I gotta go
If you'll ever miss me
Give this song another go
And I just keep on thinking how you made me feel better
And all the crazy little things that we did together
In the end, in the end, it doesn't matter
If tonight is gonna be the loneliest
You'll be the saddest part of me
A part of me that will never be mine
It's obvious
Tonight is gonna be the loneliest
You're still the oxygen I breathe
I see your face when I close my eyes
It's torturous
Tonight is gonna be the loneliest
You might also like
You'll be the saddest part of me
A part of me that will never be mine
It's obvious
Tonight is gonna be the loneliest
You'll be the saddest part of me
A part of me that will never be mine
It's obvious
Tonight is gonna be the loneliest
You're still the oxygen I breathe
I see your face when I close my eyes
It's torturous
Tonight is gonna be the loneliest11Embed",0.038,0.745,0.217,-0.9971,Rock
38,Bad Habit,Steve Lacy,84,5CM4UuQ9Gnd6K2YyKGPMoK,0.686,0.507,1,-7.097,1,0.0357,0.626,7.51e-05,0.383,0.69,168.955,"TranslationsEspaÃ±olPortuguÃªsBad Habit Lyrics
I wish I knew you wanted me
I wish I knew
I wish I knew you wanted me
I wish I knew
I wish I knew you wanted me
What you, ooh, uh, what you do?
MadeâŸaâŸmove,âŸcould've made aâŸmove
If I knewâŸI'd be with you
Is it too late to pursue?
I bite my tongue, it's a bad habit
Kinda mad that I didn't take a stab at it
Thought you were too good for me, my dear
Never gave me time of day, my dear
It's okay, things happen for
Reasons that I think are sure, yeah
I wish I knew
I wish I knew you wanted me 
I wish I knew 
I wish I knew you wanted me
I wish I knew 
I wish I knew you wanted me 
I wish I knew
I wish I knew you wanted me
Please say to me 
If you still want it
I wish you wouldn't play with me
I wanna know 
Can I bite your tongue like my bad habit?
Would you mind if I tried to make a pass at it?
No, you're not too good for me, my dear
Funny you come back to me, my dear
It's okay, things happen for
Reasons that I can't ignore, yeah
You might also like
I wish I knew
I wish I knew you wanted me
I wish I knew 
I wish I knew you wanted me 
You can't surprise a Gemini 
I'm everywhere, I'm cross-eyed, and 
Now that you're back, I can't decide 
If I decide if you're invited 
You always knew the way to wow me
Fuck around, get tongue-tied, and
I turn it on, I make it rowdy
Then carry on, but I'm not hidin'
You grabbin' me hard 'cause you know what you found
It's biscuits, it's gravy, babe
You can't surprise a Gemini
But you know it's biscuits, it's gravy, babe
I knew you'd come back around
'Cause you know it's biscuits, it's gravy, babe
Let's fuck in the back of the mall, lose control
Go stupid, go crazy, babe
I know I'll be in your heart 'til the end
You'll miss me, don't beg me, babe21Embed",0.185,0.719,0.096,0.9246,Latin
39,Last Night,Morgan Wallen,86,59uQI0PADDKeE6UZDTJEe8,0.517,0.675,6,-5.382,1,0.0357,0.459,0.0,0.151,0.518,203.853,"Last Night Lyrics
Last night we let the liquor talk
I can't remember everything we said but we said it all
You told me that you wish I was somebody you never met
But baby, baby somethin's tellin' me this ain't over yet
No way it was our last night
I kiss your lips
Make you grip the sheets with your fingertips
Last bottle of Jack we split a fifth
Just talking about life goin' sip for sip, yeah
You, you know you love to fight
And I say shit I don't mean
But I'm still gon' wake up wantin' you and me
I know that last night we let the liquor talk
I can't remember everything we said but we said it all
You told me that you wish I was somebody you never met
But baby, baby somethin's tellin' me this ain't over yet
No way it was our last night
No way it was our last night
No way it was the last night that we break up
I see your tail lights in the dust
You called your momma, I call your bluff
In the middle of the night, pull her right back up
Yeah my, my friends say ""let her go""
Your friends say ""what the hell?""
I wouldn't trade your kind of love for nothin' else
Oh baby, last night we let the liquor talk
I can't remember everything we said but we said it all
You told me that you wish I was somebody you never met
But baby, baby somethin's tellin' me this ain't over yet
No way it was our last night, we said we'd had enough
I canâ€™t remember everything we said but we said too much
I know you packed your shit and slammed the door right before you left
But baby, baby somethinâ€™s tellinâ€™ me this ainâ€™t over yet
No way it was our last night
No way it was our last night
You might also like
I know you said this time you really werenâ€™t coming back again
But baby, baby somethinâ€™s tellinâ€™ me this ainâ€™t over yet
No way it was our last night
No way it was our last night1Embed",0.159,0.808,0.033,0.9935,Pop
40,Nonsense,Sabrina Carpenter,86,6dgUya35uo964z7GZXM07g,0.74,0.697,8,-4.912,1,0.034,0.0268,0.0,0.224,0.732,138.992,"TranslationsEnglishHrvatskiPortuguÃªsEnglishí•œêµ­ì–´Nonsense Lyrics
Oh-oh, oh-oh, oh-oh 
Da-ah, ah-ah, ah-ah-ah
Uh-huh, uh-huh, uh-huh, uh-huh
Yeah
Think I only want one number in my phone
I might change your contact to ""Don't Leave Me Alone""
You said you like my eyes and you like to make 'em roll
Treat me like a queen, now you got me feelin' thrown, oh
But I can't help myself when you get close to me
Baby, my tongue goes numb, sounds like ""bleh-blah-blee""
I don't want no one else , baby, I'm in too deep
Here's a lil' song I wrote , it's about you and me 
I'll be honest
Lookin' at you got me thinkin' nonsense
Cartwheels in my stomach when you walk in
And when you got your arms around me
Oh, it feels so good
I had to jump the octave
I think I got an ex, but I forgot him
And I can't find my chill, I must've lost it
I don't even know, I'm talkin' nonsense
I'm talkin', I'm talkin' 
I'm talkin' all around the clock
I'm talkin' hope nobody knocks
I'm talkin' opposite of soft
I'm talkin' wild, wild thoughts
You gotta keep up with me
I got some young energy
I caught the L-O-V-E
How do you do this to me?
You might also like
But I can't help myself when you get close to me
Baby, my tongue goes numb, sounds like ""bleh-blah-bleh-blee""
And I don't want no one else , baby, I'm in too deep 
Here's a lil' song I wrote , it's about you and me
I'll be honest 
Lookin' at you got me thinkin' nonsense 
Cartwheels in my stomach when you walk in 
When you got your arms around me
Oh, it feels so good
I had to hit the octave
I think I got an ex, but I forgot him
And I can't find my chill, I must've lost it
I don't even know, I'm talkin' nonsense 
I'm talkin', I'm talkin', I'm talkin'
I'm talkin', I'm talkin' , I'm talkin'
Ah-ah, ah-ah, ah 
I don't even know anymore
This song catchier than chickenpox is
I bet your house is where my other sock is
Woke up this morning, thought I'd write a pop hit, ha-ha
How quickly can you take your clothes off? Pop quiz
That one's not gonna make it
Most of these aren't gonna makeâ€”12Embed",0.137,0.785,0.078,0.9563,Latin
41,La Bachata,Manuel Turizo,92,5ww2BF9slyYgNOk37BlC4u,0.835,0.679,7,-5.329,0,0.0364,0.583,1.98e-06,0.218,0.85,124.98,"TranslationsEnglishLa Bachata Lyrics
Te bloqueÃ© de Insta, pero por otra cuenta veo tus historias 
Tu nÃºmero lo borrÃ©; no sÃ© pa' quÃ© si me lo sÃ© de memoria
Me hiciste daÃ±o, y asÃ­ te extraÃ±o
YâŸaunqueâŸsÃ©âŸque un dÃ­aâŸte voy aâŸolvidar
AÃºn no lo hago, es complicado
To' lo que hicimo' me gusta recordar
Ando manejando por las calles que me besaste
Oyendo las canciones que un dÃ­a me dedicaste
Te dirÃ­a que volvieras, pero eso no se pide
Mejor le pido a Dios que me cuide
Porque ando manejando por las calles que me besaste
Oyendo las canciones que un dÃ­a me dedicaste
Te dirÃ­a que volvieras, pero eso no se pide
Mejor le pido a Dios que me cuide, eh
Que me cuide de otra que se parezca a ti
No quiero caer como hice por ti
OjalÃ¡ te enamore, te haga lo mismo que me hiciste a mÃ­
TÃº me enseÃ±aste a no amar a cualquiera
Y tambiÃ©n cÃ³mo no quiero que me quieran
No-oh-oh, Ã©ramos tres en una relaciÃ³n de dos
No te perdono, pÃ­dele perdÃ³n a Dios
Dije que te olvidÃ© y la verdad e' que yo-oh-oh
Yo-oh-oh
Ando manejando por las calles que me besaste
Oyendo las canciones que un dÃ­a me dedicaste
Te dirÃ­a que volvieras, pero eso no se pide
Mejor le pido a Dios que me cuide
Porque ando manejando por las calles que me besaste
Oyendo las canciones que un dÃ­a me dedicaste
Te dirÃ­a que volvieras, pero eso no se pide
Mejor le pido a Dios que me cuide, eh
Manuel TurizoYou might also likeEmbed",0.008,0.91,0.082,-0.9413,Latin
42,Bones,Imagine Dragons,84,0HqZX76SFLDz2aW8aiqi7G,0.773,0.742,5,-3.678,0,0.046,0.0206,0.0,0.0754,0.571,114.071,"TranslationsEspaÃ±olBones Lyrics
Gimme, gimme, gimme some time to think
I'm in the bathroom, looking at me
Face in the mirror is all I need 
Wait until the reaper takes my life
Never gonna get me out alive
I will live a thousand million lives 
My patience is waning, is this entertaining?
Our patience is waning, is this entertaining?
I-I-I got this feeling, yeah, you know
Where I'm losing all control
'Cause there's magic in my bones
I-I-I got this feeling in my soul
Go ahead and throw your stones
'Cause there's magic in my bones
Playin' with a stick of dynamitĞµ
There was nevĞµr gray in black and white
There was never wrong 'til there was right 
Feelin' like a boulder hurtlin'
Seein' all the vultures circlin'
Burnin' in the flames, I'm workin' in
Turnin' in a bed, that's darkenin'
My patience is waning, is this entertaining?
Our patience is waning, is this entertaining?
I-I-I got this feeling, yeah, you know
Where I'm losing all control
'Cause there's magic in my bones 
I-I-I got this feeling in my soul
Go ahead and throw your stones
'Cause there's magic in my bones
You might also like
'Cause there's magic in my bones
Look in the mirror of my mind
Turnin' the pages of my life
Walkin' the path so many paced a million times
Drown out the voices in the air
Leavin' the ones that never cared
Pickin' the pieces up and buildin' to the sky
My patience is waning, is this entertaining?
My patience is waning, is this entertaining?
I-I-I got this feeling, yeah, you know
Where I'm losing all control
'Cause there's magic in my bones 
I-I-I got this feeling in my soul 
Go ahead and throw your stones
'Cause there's magic in my bones
There goes my mind,  don't mind
There goes my mind 
There goes my mind,  don't mind
There goes my mind 
'Cause there's magic in my bones13Embed",0.135,0.82,0.046,0.979,Pop
43,Something in the Orange,Zach Bryan,85,3WMj8moIAXJhHsyLaqIIHI,0.369,0.192,4,-12.151,0,0.04,0.555,8.35e-06,0.0954,0.148,175.212,"Something in the Orange Lyrics
It'll be fine by dusk light, I'm tellin' you, baby
These things eat at your bones and drive your young mind crazy
But when you place your head between my collar and jaw
I don't know much, but there's no weight at all
And I'm damned if I do and I'm damned if I don't
'Cause if I say I miss you, I know that you won't
But I miss you in the mornings when I see the sun
Somethin' in the orange tells me we're not done
To you, I'm just a man; to me, you're all I am
Where the hell am I supposed to go?
I poisoned myself again, somethin' in the orange
Tells me you're never comin' home
I need to hear you say you've been waitin' all night
There's orange dancin' in your eyes from bulb light
Your voice only trembles when you try to speak
Take me back to us dancin', this wood used to creak
To you, I'm just a man; to me, you're all I am
Where the hell am I supposed to go?
I poisoned myself again, somethin' in the orange
Tells me you're never comin' home
To you, I'm just a man; to me, you're all I am
Where the hell am I supposed to go?
I poisoned myself again, somethin' in the orange
Tells me you're never comin' home
If you leave today, I'll just stare at the way
The orange touches all things around
The grass, trees, and dew, how I just hate you
Please turn those headlights around
Please turn those headlights aroundYou might also like1Embed",0.025,0.789,0.186,-0.9942,Pop
44,Rush,Ayra Starr,80,1rrqJ9QkOBYJlsZgqqwxgB,0.792,0.503,1,-8.044,1,0.0626,0.0369,0.00057,0.0959,0.381,99.97,"Rush Lyrics
Vibez
Ta-ta-ri
Ta-ta-ri-pa, ta-ta-ri
Ta-ta-ri-pa, ta-ta-ri, pa
Sabi girl no dey too like talk
Animals dey in human form
Padi man, nobody like work
But you must hustle if you wan chop
E no finish, dem wan fight us
If dem dey run, dem no fit catch up
I no dey form say I too righteous
No come dey form say you too like us
Me no get the time for the hate and the bad energy
Got my mind on my money
Make you dance like Poco Lee
Steady green like broccoli
Steady on my grind no wan hear what they wan telly me
Kudi na my fantasy
Dem wan dey check if my tap e no rush
But e dey rush 
E dĞµy rush well well, e bĞµ much 
Na God dey make my tap, e dey rush
The kind money we touch, yeah
E dey rush 
E dey rush well well, e be much 
No be hype, everybody dey crush
There's no dulling with us 
Pa-pa-ri
Ta-ta-ri-pa, pa-pa-ri 
Ta-ta-ri-pa, pa-pa-ri-pa
Ta-ra-pa-pa-ri-pa
Jofunmi Japata, I dey go Ghana 
You never touch, you dey form papas 
Which kind money we never see before?
Kosi elomi, gat me feeling I'm the one
Aje, aje, aje, can never take my cake away, aje
You can't count my grace
I just dey my lane, my lane
You might also like
Me no get the time for the hate and the bad energy
Got my mind on my money
Make you dance like Poco Lee
Steady green like broccoli
Steady on my grind no wan hear what they wan telly me
Kudi na my fantasy
Dem wan dey check if my tap e no rush
But e dey rush 
E dey rush well well, e be much 
Na God dey make my tap, e dey rush
The kind money we touch, yeah
E dey rush 
E dey rush well well, e be much 
No be hype, everybody dey crush
There's no dulling with us 
'Cause e dey rush
E dey rush well well, e be much
Na God dey make my tap, e dey rush
The kind money we touch
E dey rush
E dey rush well well, e be much
No be hype, everybody dey crush
There's no dulling with us 
Yeah, yeah
Yeah, yeah
Mmh, ahh2Embed",0.222,0.601,0.177,0.9648,Pop
45,About Damn Time,Lizzo,81,1PckUlxKqWQs3RlWXVBLw3,0.836,0.743,10,-6.305,0,0.0656,0.0995,0.0,0.335,0.722,108.966,"TranslationsTÃ¼rkÃ§eEspaÃ±olPortuguÃªsItalianoCatalÃ DeutschAbout Damn Time Lyrics
Anyway
It's bad bitch o'clock, yeah, it's thick-thirty
I've been through a lot, but I'm still flirty 
Is everybody back up in the buildin'?
It's been a minute, tell me how you're healin'
'Cause I'm about to get into my feelings
How you feelin'? How you feel right now?
Oh, I been so down and under pressure
I'm way too fine to be this stressed, yeah
Oh, I'm not the girl I was or used to be, uh
Bitch, I might be better
Turn up the music, turn down the lights
I got a feelin' I'm gon' be alright
Okay , alright
It's about damn time 
Turn up the music, let's celebrate 
I got a feelin' I'm gon' be okay
Okay , alright
It's about damn time
In a minute, I'ma need a sentimental
Man or woman to pump me up
Feelin' fussy, walkin' in my Balenci-ussies
Tryna bring out the fabulous
'Cause I give a fuck way too much
I'ma need like two shots in my cup
Wanna get up, wanna get down
Mm, that's how I feel right now
You might also like
Oh, I been so down and under pressure
I'm way too fine to be this stressed, yeah
Oh, I'm not the girl I was or used to be, uh
Bitch, I might be better
Turn up the music, turn down the lights
I got a feelin' I'm gon' be alright
Okay , alright
It's about damn time 
Turn up the music, let's celebrate 
I got a feelin' I'm gon' be okay
Okay , alright
It's about damn time
Bitch
'Cause, uh, you know what time it is, uh
I'm comin' out tonight, I'm comin' out tonight 
I'm comin' out tonight, I'm comin' out tonight 
I'm comin' out tonight, I'm comin' out tonight
Okay , alright 
It's about damn time
I'm comin' out tonight , I'm comin' out tonight 
I'm comin' out tonight, I'm comin' out tonight 
I'm comin' out tonight, I'm comin' out tonight 
Okay , alright
It's about damn time 
Bitch
Yeah, yeah
It's about damn time12Embed",0.211,0.626,0.163,0.8895,Latin
46,Yandel 150,Yandel,84,4FAKtPVycI4DxoOHC01YqD,0.783,0.729,6,-3.549,0,0.0691,0.0492,0.000272,0.1,0.58,167.968,"Yandel 150 Lyrics
DÃ©jate ver, dime si hoy vas pa' la calle, bebÃ©
'Toy en el case pensÃ¡ndote otra vez
Quiero pichear, pero me saliÃ³ al revÃ©s
Mi amor, a las dos paso por ti, ve arreglÃ¡ndote
Hoy to' corre por la mÃ­a, relÃ¡jate
PrometÃ­ que no iba a hacerte daÃ±o
AsÃ­ me sienta' extraÃ±o, soy el que se quedÃ³ en tu piel
Y mientras  me calientas 
Veo todo lo quĞµ nunca me cuentas 
El party es mÃ¡s cabrÃ³n si tÃº te sueltas
Dale hasta abajo que ese culo responde
BebÃ©, no te haga', tÃº eres under
Yo sÃ© to' lo que tÃº esconde', eh-eh
TÃº y yo vamo' a hacer mÃ¡s de una noche, eh-eh
Y mientras  me calientas 
Veo todo lo que nunca me cuentas 
El party es mÃ¡s cabrÃ³n si tÃº te sueltas
E-E-El party es mÃ¡s cabrÃ³n si tÃº te sueltas
TÃº ya-TÃº ya sabe' lo que quiero, baby, fluya
A ti mucha' te envidian, pero tÃº estÃ¡s en la tuya
MamÃ¡, un baile privado pa'l que no sepa na'
Y ya bajamo' tensiÃ³n
Vine a buscarte, tÃº sabes la intenciÃ³n
Perreamo' esta canciÃ³n
DespuÃ©s me dice', ma, que te pareciÃ³
Y yo no sÃ©, pero me dio contigo
Estaba ruteando, pensÃ¡ndote y salÃ­ del caserÃ­o
Quiero probarte, que sea esta noche
BebÃ©, me traje la corta por si me meto en un lÃ­o
You might also like
Dale hasta abajo que ese culo responde
BebÃ©, no te haga', tÃº eres under
Yo sÃ© to' lo que tÃº esconde', eh-eh
TÃº y yo vamo' a hacer mÃ¡s de una noche, eh-eh
Y mientras  me calientas 
Veo todo lo que nunca me cuentas 
El party es mÃ¡s cabrÃ³n si tÃº te sueltas
E-E-El party es mÃ¡s cabrÃ³n si tÃº te sueltas
'Toy en el punto, bebÃ©, pero estoy pendiente de ti
Los peine' estÃ¡n full, la moto full de gasoli
Gafitas Oakley, machea con la white tee
Me dice ""FERXXO"", quÃ© rico se lo metÃ­
Esa noche 'e jangueo, de fumeteo
Contigo to' los partie' son de perreo
BebÃ©, cuando te veo, yo te leo
TÃº te pierde', mami, yo te rastreo, oh
Baby, me la paso joseando, no tengo de otra
Hagamo' que esta noche sea larga, bebÃ©, porque la vida e' muy corta
Dale hasta abajo, que ese culo responde
BebÃ©, no te haga', tÃº eres under
Yo sÃ© to' lo que tÃº esconde', eh-eh
TÃº y yo vamo' a hacer mÃ¡s de una noche, eh-eh
Y mientras  me calientas 
Veo todo lo que nunca me cuentas 
El party es mÃ¡s cabrÃ³n si tÃº te sueltas
El party es mÃ¡s cabrÃ³n si tÃº te sueltas
Resistencia
Square Houze
Jajajajajajajaja3Embed",0.056,0.91,0.034,0.9001,Edm
47,Vegas (From the Original Motion Picture Soundtrack ELVIS),Doja Cat,82,0hquQWY3xvYqN4qtiquniF,0.801,0.601,8,-7.574,0,0.255,0.0777,3.23e-05,0.145,0.74,159.969,"Vegas  LyricsHey, ahw, get it
Hey, ahw, get it, ye
Hey, ahw, get it
Hey, ahw, get it
Hey, ahw, get it
Hey
You ain't nothing but a-
Dog, player, I get it
Fraud, player, I get it
I understand, I understand
You ain't the man, you ain't a man 
Hound dog, hound dog, hound dog
You ain't nothing but a-
Player getting valeted 'round in that whole whip
Two fingers, set one down on my toes ten
Fueled out with my boobs out, put a cork in it
Love it when you be crying out when I'm corseted
I don't think you gon' make it, do not let me start raging
I'm losing my patience, this ain't staying in VĞµgas 
There's more sidĞµs to the story, I'ma tell everybody
Had your ass sitting courtside with your arm around me
Had your ass sitting first class with your burnt ass out in Abu Dhabi
Could've been what we should've been, but you lost a bet, now you gotta find me
Find a seat
I ain't playing this hide and seek
High school when you finally peaked
Hound dog, come find a treat
I'm a bad bitch, but 
Dog, player, I get it
Fraud, player, I get it
I understand, I understand
You ain't the man, you ain't a man 
Hound dog, hound dog, hound dog
Yeah, yeah, said 
I get it, I know you got some other- you wanted
I get it, you needed someone that could prove you wrong
So I reckon, you leave all of your problems at the door to my city
You gon' need to tell my brothers where you from
And I admit it, I still got empathy
And you gon' feel it for two weeks
When I release you in them sheets 
And keep my meaning discreet
Keep the cleaning my gym
And put that Yeezy in your teeth
Let my demons off their leashes
If you even think to speak
I'ma give a whole new meaning
When you said you living a dream
We can keep that- asleep
And you gon' laugh with all your G's
Count them sheep, sheep, sheep, sheep
Talking 'bout Z-Z-Z-Z-Z-Z-Z, R.I.P. 
Dog, player, I get it
Fraud, player, I get it
I understand, I understand
You ain't the man, you ain't a man 
Hound dog, hound dog, hound dog
You ain't nothing but a-
Dog, player, I get it
Fraud, player, I get it
I understand, I understand
You ain't the man, you ain't a man 
Hound dog, hound dog, hound dog
You ain't nothing but a-
Hey, ahw, get it
Hey, ahw, get it, ye
Hey, ahw, get it
Hey, ahw, get it, ye
Hey, ahw, get it
Hey
You ain't nothing but a-You might also likeEmbed",0.049,0.802,0.148,-0.9949,Rap
48,Superhero (Heroes & Villains) [with Future & Chris Brown],Metro Boomin,88,0vjeOZ3Ft5jvAi9SBFJm1j,0.526,0.606,5,-5.3,0,0.259,0.152,2.36e-06,0.194,0.492,116.622,,,,,,Rap
49,TitÃ­ Me PreguntÃ³,Bad Bunny,88,1IHWl5LamUGEuP4ozKQSXZ,0.65,0.715,5,-5.198,0,0.253,0.0993,0.000291,0.126,0.187,106.672,"TranslationsEnglishDeutschItalianoTitÃ­ Me PreguntÃ³ Lyrics
Ey
TitÃ­ me preguntÃ³ si tengo mucha' novia', mucha' novia'
Hoy tengo a una, maÃ±ana otra, ey,â€…peroâ€…no hay boda
TitÃ­â€…me preguntÃ³ si tengo mucha' novia',â€…je, mucha' novia'
Hoy tengo a una, maÃ±ana otra
Me la' vo'a llevar a to'a pa' un VIP, un VIP, ey
Saluden a TitÃ­
Vamo' a tirarno' un selfie, say ""cheese"", ey
Que sonrÃ­an las que ya les metÃ­
En un VIP,  un VIP, ey
Saluden a TitÃ­
Vamo' a tirarno' un selfie, say ""cheese""
Que sonrÃ­an las que ya se olvidaron de mÃ­
Me gustan mucho las Gabriela
Las Patricia, las Nicole, las SofÃ­a
Mi primera novia en kinder, MarÃ­a
Y mi primer amor se llamaba ThalÃ­a
Tengo una colombiana que mĞµ escribe to' los dÃ­a'
Y una mexicana quĞµ ni yo sabÃ­a
Otra en San Antonio que me quiere todavÃ­a
Y las de PR que todita' son mÃ­a'
Una dominicana que es uva bombÃ³n
Uva, uva bombÃ³n
La de Barcelona que vino en aviÃ³n
Y dice que mi bicho estÃ¡ cabrÃ³n
Yo dejo que jueguen con mi corazÃ³n
Quisiera mudarme con toda' pa' una mansiÃ³n
El dÃ­a que me case te envÃ­o la invitaciÃ³n
Muchacho, deja eso, ey
You might also like
TitÃ­ me preguntÃ³ si tengo mucha' novia', mucha' novia'
Hoy tengo una, maÃ±ana otra, ey, pero no hay boda
TitÃ­ me preguntÃ³ si tengo mucha' novia', ey, ey, mucha' novia'
Hoy tengo una, maÃ±ana otra 
TitÃ­ me preguntÃ³-tÃ³-tÃ³-tÃ³-tÃ³-tÃ³-tÃ³-tÃ³
TitÃ­ me preguntÃ³-tÃ³-tÃ³-tÃ³-tÃ³-tÃ³-tÃ³-tÃ³ 
TitÃ­ me preguntÃ³-tÃ³-tÃ³-tÃ³-tÃ³-tÃ³-tÃ³-tÃ³
TitÃ­ me preguntÃ³-tÃ³-tÃ³-tÃ³-tÃ³ 
Me la' vo'a llevar a to'a pa' un VIP, un VIP, ey
Saluden a TitÃ­
Vamo' a tirarno' un selfie, say ""cheese"", ey
Que sonrÃ­an las que ya les metÃ­
En un VIP,  un VIP, ey
Saluden a TitÃ­
Vamo' a tirarno' un selfie, say ""cheese""
Que sonrÃ­an las que ya se olvidaron de mÃ­
Oye, muchacho 'el diablo azaroso
Suelta ese mal vivir que tÃº tiene' en la calle
BÃºscate una mujer seria pa' ti
Chacho 'el diablo, coÃ±o
Yo quisiera enamorarme
Pero no puedo, pero no puedo, eh, eh
Yo quisiera enamorarme
Pero no puedo, pero no puedo
Sorry, yo no confÃ­o, yo no confÃ­o
Nah, ni en mÃ­ mismo confÃ­o
Si quiere' quedarte hoy que hace frÃ­o
Y maÃ±ana te va', nah
Muchas quieren mi baby gravy
Quieren tener mi primogÃ©nito, ey
Y llevarse el crÃ©dito
Ya me aburrÃ­, hoy quiero un totito inÃ©dito, je
Uno nuevo, uno nuevo, uno nuevo, uno nuevo 
Hazle caso a tu amiga, ella tiene razÃ³n
Yo vo'a romperte el corazÃ³n, vo'a romperte el corazÃ³n
Ey, no te enamore' de mÃ­ 
No te enamore' de mÃ­ , ey
Sorry, yo soy asÃ­ , ey
No sÃ© por quÃ© soy asÃ­ 
Hazle caso a tu amiga, ella tiene razÃ³n
Yo vo'a romperte el corazÃ³n, vo'a romperte el corazÃ³n 
No te enamore' de mÃ­ 
No te enamore' de mÃ­ , no
Sorry, yo soy asÃ­
Ya no quiero ser asÃ­, no
7Embed",0.081,0.839,0.081,0.9333,Hiphop
